elevation_m,slope_deg,ndvi,rainfall_mm,soil_stability,distance_to_water_m,flood_probability
319.71,1.0,0.175,747.3,0.35,3386.7,0.3269
210.96,1.19,0.1186,1565.5,0.55,2810.6,0.3632
358.01,28.05,0.3195,1402.7,0.45,4049.1,0.2653
349.07,13.61,0.0555,2875.9,0.2,520.0,0.3416
189.96,14.36,0.244,867.1,0.55,3651.4,0.1565
189.27,22.08,0.7294,1893.7,0.2,2891.0,0.1317
352.29,1.83,0.1279,939.2,0.35,4278.0,0.3504
226.71,33.36,0.0627,1130.3,0.45,3512.1,0.1817
341.77,2.86,0.535,1649.0,0.5,825.4,0.2137
320.0,22.28,0.5846,2544.3,0.55,1152.9,0.3207
16.05,12.62,0.1677,711.9,0.2,1071.0,0.4929
321.43,5.71,0.0396,2260.5,0.45,3737.6,0.3813
214.22,23.34,0.262,2992.2,0.7,2552.5,0.3241
54.82,25.1,0.6921,1324.3,0.35,1930.0,0.3261
297.94,18.72,0.1514,1704.4,0.55,3404.6,0.3494
375.44,30.74,0.2402,951.2,0.7,2274.1,0.2568
476.91,35.03,0.1634,1551.7,0.7,2543.3,0.2815
420.83,20.31,0.0989,1184.4,0.7,2701.5,0.3157
389.31,21.21,-0.0994,1040.1,0.55,568.2,0.1948
403.39,9.58,0.1409,1745.3,0.35,437.4,0.4165
243.0,2.77,0.6606,2320.9,0.7,3302.2,0.3526
263.84,24.26,0.8644,2793.8,0.5,3567.6,0.1829
199.5,26.87,0.2734,2708.9,0.8,613.8,0.2988
294.15,9.2,0.1202,305.9,0.55,1152.4,0.3268
452.71,34.39,-0.0291,790.2,0.8,1079.0,0.3047
285.52,18.91,0.6846,2441.7,0.5,480.7,0.3035
329.49,14.17,0.3111,2605.1,0.55,3370.1,0.3398
201.31,13.57,0.7617,821.1,0.5,2686.1,0.1789
70.09,7.34,0.3626,2636.0,0.35,2221.2,0.4815
25.29,39.97,0.736,2910.1,0.5,839.9,0.4461
242.82,8.55,0.301,270.0,0.6,20.8,0.2974
392.56,11.41,0.5966,2218.5,0.8,782.4,0.3603
148.35,38.75,0.4792,1672.4,0.2,295.3,0.1451
426.36,6.3,0.8608,332.3,0.7,351.9,0.2152
33.98,34.47,0.3038,2830.6,0.5,2898.8,0.5278
328.69,22.61,0.2164,856.2,0.2,1201.0,0.1928
197.89,26.87,0.2,1016.9,0.35,56.5,0.2428
49.99,21.51,0.4059,484.1,0.2,4405.5,0.3161
439.64,14.78,0.0577,2517.9,0.45,3062.3,0.4012
3.91,32.68,0.1994,2023.8,0.7,1329.7,0.6307
444.86,29.7,0.0554,917.1,0.5,3590.9,0.2262
131.99,19.54,0.8053,2553.7,0.35,3175.1,0.253
414.67,1.76,0.2336,479.4,0.45,816.3,0.2427
280.45,4.47,0.8451,2104.0,0.7,2732.5,0.3074
417.3,23.3,0.0481,469.6,0.45,1829.6,0.319
19.95,14.31,0.5821,2034.1,0.2,3902.8,0.499
442.07,16.26,0.5207,548.2,0.5,4324.4,0.2647
440.71,0.99,0.6366,1063.3,0.6,4013.2,0.2712
432.03,32.43,0.1668,2383.4,0.35,1918.9,0.2791
99.79,36.74,0.2497,2479.6,0.5,1122.4,0.2535
330.02,15.94,0.1786,301.3,0.45,1762.2,0.1783
421.83,13.25,-0.0724,2643.4,0.45,901.1,0.3609
481.27,10.62,0.0084,1360.2,0.2,2187.6,0.3198
449.75,7.6,-0.0556,1364.6,0.5,1827.5,0.3446
34.99,26.57,0.2302,1010.4,0.35,3601.6,0.4374
204.2,16.1,0.1957,469.1,0.6,3328.0,0.2829
189.57,29.93,0.074,1750.4,0.6,2744.2,0.2822
214.94,23.2,0.5547,1448.5,0.8,3381.4,0.2188
255.59,31.75,0.8598,2234.3,0.35,1426.1,0.0968
46.69,38.08,0.1349,1000.2,0.5,745.3,0.3654
23.11,39.36,0.5113,2328.6,0.8,2078.1,0.516
348.18,19.78,0.144,2002.6,0.55,4464.4,0.2755
430.22,35.42,0.6784,734.6,0.8,260.6,0.1859
228.23,32.06,0.5676,2964.9,0.2,4750.7,0.2611
445.71,24.51,0.6193,1563.9,0.8,4487.1,0.2053
129.6,9.89,0.5377,2320.9,0.8,3137.5,0.2774
137.3,3.1,0.1857,888.0,0.2,4466.2,0.3122
191.52,6.11,0.114,1303.1,0.2,2717.6,0.3156
207.89,8.27,0.3201,2724.0,0.55,4285.1,0.3584
2.95,14.07,0.6535,2575.0,0.6,2695.7,0.6239
367.32,31.99,0.7978,1515.9,0.45,2184.8,0.1516
339.57,16.17,0.065,1455.4,0.7,4903.8,0.3242
267.06,36.28,0.4919,2022.7,0.35,3217.3,0.2014
25.14,15.16,0.1117,1047.9,0.6,1398.5,0.6223
475.6,16.86,0.7349,1463.9,0.55,4999.5,0.1649
390.62,26.07,0.6542,2853.9,0.5,4197.8,0.2626
310.67,9.54,0.3736,431.7,0.5,2330.5,0.2448
302.95,38.55,0.6184,2355.6,0.7,4824.0,0.2398
54.05,1.03,0.212,2064.3,0.6,1989.3,0.566
345.31,25.09,0.0019,2340.2,0.35,3983.2,0.2674
282.97,1.64,0.4327,2018.4,0.35,2534.7,0.2804
411.17,4.22,0.8608,1943.2,0.8,3539.5,0.3529
217.74,29.35,0.8655,883.2,0.8,2329.7,0.1433
161.15,9.82,0.8346,908.9,0.8,1226.9,0.1744
232.35,24.41,0.279,183.2,0.2,917.4,0.1729
170.17,35.21,0.6012,901.2,0.55,2588.0,0.2004
95.53,9.65,0.3064,1710.0,0.5,3456.1,0.2938
396.47,3.72,0.1216,2106.2,0.45,3323.2,0.3355
184.51,22.14,0.2438,2990.2,0.2,1765.5,0.2396
115.27,28.85,0.2155,2254.4,0.7,965.8,0.2734
369.3,11.06,0.4896,2304.6,0.45,4902.7,0.3051
180.44,12.09,0.608,467.1,0.55,4871.7,0.1742
276.68,27.9,0.0263,2618.5,0.8,521.9,0.3539
239.36,13.63,0.8655,832.2,0.8,579.3,0.1978
32.67,19.67,0.477,2090.7,0.7,754.5,0.5016
496.96,4.74,0.6644,1858.3,0.5,3880.7,0.2679
190.19,36.34,0.1974,1806.7,0.6,1533.8,0.1929
370.04,37.9,0.1078,712.0,0.35,793.7,0.1395
86.91,3.0,-0.0973,1406.5,0.8,1463.4,0.4609
351.49,18.16,0.5874,2779.3,0.5,2131.4,0.3245
272.28,25.91,0.8084,2497.2,0.35,307.6,0.2168
412.12,36.85,0.3392,1459.2,0.45,3501.7,0.1306
471.34,20.02,0.3938,333.3,0.55,4448.2,0.1906
12.93,9.16,0.5743,2595.5,0.55,4997.9,0.601
336.14,10.78,-0.0598,2293.2,0.8,2599.6,0.3676
498.47,17.44,0.7142,2910.3,0.8,1746.3,0.2936
166.65,26.81,0.7577,1056.4,0.8,1448.2,0.2236
275.05,18.19,0.2145,1037.5,0.6,4325.9,0.2336
412.46,0.05,0.7694,1439.7,0.55,946.0,0.2335
312.7,30.4,0.1036,1692.7,0.45,2196.2,0.2785
349.13,4.86,0.8731,1865.7,0.5,3551.8,0.2469
204.0,8.99,0.7414,429.0,0.35,3242.1,0.185
76.99,37.31,0.1919,2145.7,0.6,4175.3,0.3688
275.63,15.34,0.8219,1573.9,0.7,4321.5,0.2093
138.12,31.6,0.3149,2809.3,0.45,4104.5,0.2332
293.47,39.96,0.3896,530.9,0.8,1732.2,0.2058
275.96,21.74,0.3553,1033.2,0.5,4904.1,0.2121
428.01,16.43,0.2182,1471.6,0.6,1936.5,0.3232
331.84,32.83,0.8808,1536.5,0.55,640.0,0.1494
50.18,33.8,-0.0003,2740.3,0.55,3615.0,0.4861
204.99,26.19,0.0544,1461.5,0.45,1699.4,0.2239
425.88,34.09,0.7593,1202.0,0.2,3137.7,0.0299
443.72,19.52,0.441,1890.6,0.5,3159.5,0.3633
373.38,17.36,-0.0016,1937.9,0.35,2224.0,0.2399
347.0,36.14,-0.054,2408.8,0.45,1798.7,0.2442
206.03,27.27,0.0801,607.7,0.6,3102.4,0.2286
120.41,36.51,0.0431,1437.3,0.45,2303.3,0.1833
232.63,11.51,0.4466,314.2,0.2,4938.4,0.1213
149.58,38.48,0.5903,1424.8,0.45,1004.1,0.109
118.6,22.88,0.4748,2978.8,0.45,119.5,0.3651
415.02,15.83,-0.0919,2608.7,0.55,4554.0,0.3579
451.47,31.03,0.1301,2425.6,0.5,3186.7,0.1819
310.45,27.11,0.6209,2011.6,0.7,3145.0,0.2491
154.47,17.63,0.4796,2223.8,0.35,4549.0,0.211
163.36,16.62,0.1008,2380.9,0.2,2659.0,0.3615
128.49,32.99,0.3818,2438.8,0.2,4023.1,0.1513
234.17,3.01,0.6542,754.3,0.6,4836.7,0.2698
395.34,0.56,0.4366,1418.9,0.45,2927.0,0.2775
411.21,37.61,0.0083,778.1,0.55,3101.5,0.2483
305.04,25.91,0.5354,1446.4,0.45,3249.7,0.1605
58.34,1.81,-0.0628,2988.2,0.35,495.0,0.6095
226.82,26.82,0.6431,2843.3,0.6,2940.8,0.2091
363.3,35.42,0.5549,2517.7,0.6,4695.9,0.1961
108.63,17.79,0.1361,1151.8,0.2,2726.9,0.2969
488.92,14.35,0.2981,650.4,0.35,4745.6,0.2324
106.05,25.58,0.8711,246.7,0.2,1225.4,0.0458
62.96,22.58,-0.0314,2319.0,0.5,2936.1,0.4692
387.18,31.55,0.496,904.1,0.7,4937.8,0.1349
270.11,31.94,0.0099,2612.7,0.7,84.2,0.3935
161.89,6.97,-0.0476,2251.0,0.35,3730.9,0.3416
238.12,31.12,0.4132,416.3,0.5,4727.6,0.2054
433.49,20.86,0.358,2895.7,0.55,4992.9,0.3117
423.65,17.05,0.008,2166.0,0.8,376.7,0.4327
32.84,11.0,0.5331,1690.2,0.2,1910.7,0.5279
298.7,11.8,0.4056,1347.6,0.35,4265.4,0.2092
360.42,8.6,0.3516,762.6,0.2,4138.8,0.1791
199.37,29.18,0.2125,1006.3,0.45,1877.8,0.2395
33.57,33.27,-0.0068,380.0,0.2,4060.7,0.5099
278.19,23.46,0.4616,1056.0,0.35,2059.9,0.2374
211.47,36.63,-0.0486,934.1,0.45,1764.7,0.1445
288.96,8.51,0.5567,750.3,0.35,1757.1,0.2004
139.28,9.05,0.3291,1726.8,0.55,3048.9,0.3026
328.92,27.74,-0.071,892.5,0.45,4608.5,0.207
71.63,26.29,-0.0304,2248.8,0.55,467.9,0.4338
265.24,15.05,0.3536,556.5,0.45,3610.8,0.2277
42.48,2.1,0.0574,1891.7,0.35,1367.8,0.5506
330.97,19.43,0.342,892.2,0.35,1732.4,0.2484
296.57,21.08,0.2084,739.5,0.55,48.4,0.3569
150.71,8.45,0.0372,841.0,0.2,608.7,0.2434
64.59,21.3,0.1301,1720.3,0.2,369.7,0.4112
430.88,1.69,-0.0813,2771.4,0.2,2883.0,0.3461
208.85,4.61,-0.0791,1041.8,0.8,4161.8,0.3507
459.88,3.53,0.7445,805.6,0.6,2624.6,0.2156
169.76,13.32,0.0681,1580.4,0.35,2657.7,0.3224
96.95,31.05,0.2511,2878.8,0.7,1189.0,0.3057
301.2,30.41,0.5555,613.7,0.8,2325.1,0.1723
281.87,23.18,0.5811,2657.9,0.2,4322.6,0.1873
34.14,17.69,0.2028,896.6,0.55,1766.2,0.499
37.1,18.47,-0.0624,1169.3,0.45,392.9,0.6042
307.5,20.28,0.3627,1707.5,0.55,2254.2,0.1882
404.91,26.07,0.2215,1479.3,0.7,4789.0,0.1761
418.69,39.3,-0.0157,1973.8,0.55,1246.2,0.2863
218.88,17.58,0.4227,560.4,0.2,4590.5,0.1186
339.45,2.09,0.5309,1070.5,0.2,481.6,0.3013
339.19,11.37,0.6237,2004.0,0.7,1673.5,0.2606
174.91,38.71,0.5985,1236.7,0.35,1554.8,0.1137
188.34,31.67,0.7132,2043.3,0.35,3233.7,0.1062
181.3,7.21,0.1142,2848.2,0.8,968.1,0.4383
499.99,6.2,0.1958,2385.5,0.55,3313.0,0.4096
298.62,6.17,0.0808,2109.3,0.7,3608.7,0.3525
21.85,14.57,0.6196,2911.8,0.45,3764.4,0.5944
119.58,38.62,0.6844,2721.5,0.5,1845.5,0.1577
473.57,39.38,0.3617,917.1,0.6,2519.5,0.1517
99.85,24.19,0.773,251.3,0.8,4371.8,0.1554
277.27,4.1,0.7459,2568.4,0.45,428.5,0.333
256.68,33.24,-0.0083,2740.5,0.8,4424.3,0.3566
465.24,16.6,0.2965,1184.5,0.6,4972.7,0.2532
465.41,33.57,0.55,2395.0,0.7,201.1,0.2798
458.7,18.9,0.7311,2300.6,0.8,2248.5,0.2641
127.96,33.4,0.4488,2209.0,0.6,564.8,0.2116
144.05,12.05,-0.0523,1317.5,0.8,323.4,0.4122
268.03,25.28,0.475,2183.8,0.45,2151.9,0.1744
307.4,9.62,0.3166,2026.7,0.35,2622.2,0.237
272.04,31.46,0.4076,159.0,0.8,227.2,0.2995
193.44,14.93,0.6473,1135.6,0.35,1730.6,0.1826
385.75,29.41,0.2325,228.6,0.2,4069.4,0.0821
87.54,31.17,0.3646,2116.6,0.7,4059.4,0.3436
228.84,11.74,-0.0562,678.5,0.55,1584.8,0.3302
155.04,15.93,0.7154,1472.9,0.55,3768.9,0.2206
390.42,34.63,0.2319,461.0,0.2,2190.4,0.1703
200.01,17.59,0.8565,1083.2,0.7,2486.1,0.086
259.64,32.05,0.6271,328.9,0.7,2731.9,0.1274
160.61,3.2,0.5609,988.8,0.6,841.6,0.2385
363.41,36.46,0.5149,1361.3,0.55,384.5,0.2004
318.76,14.53,0.7011,2070.3,0.55,722.5,0.1856
17.4,2.69,0.6785,1162.4,0.6,4747.8,0.558
16.19,6.14,0.3499,1175.8,0.8,3817.8,0.6152
199.02,25.98,0.1496,429.0,0.7,2500.2,0.1956
193.49,22.47,0.1618,854.8,0.8,1080.7,0.2106
499.31,8.01,0.0357,314.8,0.7,4494.4,0.2848
222.56,3.51,0.5819,2552.0,0.2,3342.5,0.2845
145.18,12.0,0.0575,2157.7,0.7,3970.5,0.3188
254.38,4.85,0.101,502.7,0.8,141.2,0.3763
401.83,22.07,0.5119,350.0,0.45,1996.8,0.1451
358.47,19.15,0.3108,1287.4,0.35,635.4,0.2177
232.92,20.69,0.0283,2504.3,0.7,3841.2,0.3568
64.52,20.11,0.7682,2511.0,0.7,1527.6,0.4257
112.74,37.9,0.4189,923.7,0.35,1260.5,0.2186
317.53,22.03,0.0252,978.2,0.35,2517.8,0.2868
77.1,26.35,0.6206,1854.9,0.55,4127.9,0.3591
14.19,1.82,0.5415,1772.6,0.5,3837.1,0.6044
249.02,25.09,0.1897,2874.3,0.8,1231.9,0.3497
403.67,16.24,0.3535,2097.0,0.7,2203.6,0.2727
303.33,12.5,0.6184,2229.2,0.2,4877.1,0.2366
65.38,14.82,0.4617,1025.4,0.8,621.4,0.3752
25.3,37.82,0.7642,1312.6,0.7,4069.3,0.4435
466.88,28.85,0.0898,562.1,0.8,2498.8,0.2217
472.62,20.22,0.8667,723.9,0.2,252.8,0.1554
140.68,23.9,0.7428,2050.3,0.45,2688.1,0.2004
441.23,29.1,0.6639,1161.2,0.6,265.3,0.1535
280.91,14.5,0.1886,1220.4,0.8,3824.4,0.2857
340.2,4.75,0.8751,1242.3,0.2,2793.6,0.3128
182.8,5.77,0.5025,1264.0,0.55,236.1,0.3576
236.87,18.28,0.5063,1595.0,0.2,4657.5,0.2238
159.27,15.72,0.5165,2543.5,0.2,2541.5,0.1994
281.46,19.0,-0.0834,1060.6,0.35,4899.7,0.2596
291.85,31.87,0.6253,2095.3,0.55,2988.6,0.1693
486.03,23.14,0.1275,248.9,0.8,860.9,0.3033
314.51,24.79,0.7412,528.5,0.5,167.5,0.2008
9.47,12.55,0.0514,2102.5,0.6,2514.1,0.7096
305.74,18.86,0.7484,2209.5,0.7,2598.2,0.1003
239.19,15.07,0.8567,1433.0,0.2,2735.9,0.1005
337.93,34.71,0.5807,2430.6,0.45,3054.3,0.1958
279.04,8.99,0.8729,963.1,0.45,3527.5,0.2158
345.12,19.56,0.3798,1725.4,0.45,1446.1,0.1944
447.88,15.78,0.2451,2341.9,0.7,1459.4,0.3057
143.82,28.57,0.2464,1382.9,0.45,3739.2,0.2174
135.57,22.48,0.1716,416.8,0.5,1219.9,0.285
334.92,21.24,0.5379,252.2,0.6,1658.2,0.1135
68.73,38.58,0.8779,558.0,0.8,2392.5,0.2361
99.73,38.56,0.2212,1973.1,0.35,3265.0,0.2191
425.17,1.49,0.8215,1311.9,0.7,4670.3,0.3369
18.17,33.45,0.688,640.3,0.45,4384.9,0.4765
53.65,39.32,0.1846,2968.4,0.8,4447.4,0.4895
67.1,20.17,0.1728,2445.6,0.2,820.8,0.3728
93.1,29.46,0.6908,1746.6,0.5,885.7,0.1844
428.07,35.88,0.727,1594.3,0.35,2010.2,0.2131
238.73,37.43,-0.0932,1212.4,0.8,3771.2,0.3223
477.02,12.08,0.6229,133.2,0.2,3466.9,0.1847
153.4,16.22,0.4025,2695.8,0.45,3454.5,0.299
319.36,37.63,0.2675,740.5,0.7,2396.1,0.0743
186.81,28.08,0.8128,2296.3,0.5,3811.7,0.193
340.17,23.83,0.6874,1624.0,0.2,399.7,0.1496
273.82,20.22,0.4727,534.6,0.2,4273.9,0.1438
220.92,27.21,0.6169,1517.6,0.8,4045.4,0.1461
228.4,2.31,0.3624,2440.1,0.55,1985.8,0.3805
408.23,29.83,0.4783,231.3,0.2,3504.9,0.0855
447.11,39.45,0.3721,932.6,0.7,3847.2,0.1779
382.91,39.13,0.5459,1319.0,0.6,2248.2,0.1947
40.12,38.57,0.7746,485.7,0.2,602.0,0.2739
496.42,15.72,0.0273,2938.3,0.55,3783.3,0.414
359.55,16.97,0.2793,766.0,0.8,1737.3,0.2579
137.82,37.5,0.625,427.2,0.6,3078.5,0.1935
120.33,2.69,0.4939,1394.7,0.55,1231.2,0.2705
22.12,17.56,0.4398,2287.7,0.55,709.3,0.6135
458.2,23.04,0.4775,2340.4,0.2,1192.2,0.2056
438.13,39.43,0.4213,1299.3,0.45,314.2,0.279
455.79,25.04,0.3272,1537.3,0.2,4708.5,0.161
335.67,31.43,0.2187,1307.3,0.7,1506.4,0.2395
120.48,9.01,0.7575,518.6,0.8,4574.6,0.2675
281.19,38.71,0.4573,488.9,0.5,1282.4,0.1236
224.89,14.84,0.4356,2505.3,0.55,1349.6,0.3099
336.84,24.12,0.7736,645.7,0.5,2402.2,0.1438
478.51,0.61,0.8372,2890.0,0.35,3736.9,0.2756
377.17,36.58,0.5956,2140.9,0.6,4576.5,0.1208
190.33,21.35,0.2593,858.5,0.8,2335.4,0.2265
401.41,28.9,0.6616,1028.7,0.5,1859.8,0.0833
110.64,5.84,0.1608,2810.8,0.6,1483.0,0.4256
98.1,9.2,0.4698,812.6,0.2,1294.1,0.269
320.85,19.62,0.0682,2405.4,0.7,708.4,0.244
273.27,7.36,0.7894,2971.9,0.55,2624.5,0.307
409.0,1.94,-0.0936,498.7,0.5,349.2,0.3571
75.51,8.75,0.356,275.3,0.8,3299.8,0.4299
205.67,0.67,0.6222,1653.6,0.45,95.5,0.3802
406.58,26.96,0.7062,2738.3,0.35,4591.1,0.1544
309.89,10.1,0.2544,2405.3,0.35,1871.5,0.318
203.01,22.6,0.8902,755.0,0.35,3272.1,0.1411
46.75,15.17,0.4527,262.7,0.55,3517.2,0.3717
41.34,33.81,0.5449,1060.7,0.35,4475.0,0.3856
450.64,27.69,0.4668,886.2,0.35,3425.3,0.1279
140.19,21.72,0.5581,620.1,0.2,88.1,0.2208
410.35,32.84,0.8289,967.9,0.5,2837.8,0.1159
424.72,27.08,0.4406,1213.2,0.7,3954.6,0.191
372.73,13.83,-0.0023,773.2,0.35,1709.6,0.2618
384.5,38.19,0.2967,2343.3,0.55,3174.3,0.2434
114.07,22.12,0.2754,638.6,0.6,437.6,0.1833
309.31,31.92,0.6131,337.9,0.7,1906.2,0.1329
194.81,14.43,-0.0085,2834.6,0.8,1806.0,0.3786
134.88,5.3,0.0874,1401.6,0.6,525.4,0.3995
298.46,31.38,0.7637,135.8,0.6,1945.1,0.1226
42.35,36.05,0.8052,2936.7,0.7,3429.7,0.4426
134.2,5.84,0.0672,900.3,0.45,2426.3,0.3494
38.46,10.07,0.1466,1912.6,0.5,2294.7,0.5834
197.85,33.66,0.2799,2600.4,0.8,1680.3,0.2755
407.74,34.38,0.8742,494.8,0.2,3020.0,0.0235
88.82,15.93,0.2191,2231.1,0.8,4839.1,0.3384
390.99,13.04,0.1803,2379.0,0.2,578.3,0.2536
272.81,27.27,0.4501,2863.7,0.8,4715.4,0.2498
104.82,31.91,0.7313,300.6,0.6,3368.2,0.1221
126.34,6.17,0.3231,1193.3,0.8,4953.6,0.3545
239.62,16.03,0.4066,2769.1,0.6,2722.8,0.3192
447.75,21.48,0.5382,346.4,0.5,3291.4,0.1254
177.5,25.88,-0.0557,2952.5,0.6,4834.4,0.2937
52.97,3.94,0.122,2265.9,0.5,2234.4,0.6329
195.57,30.89,0.4886,1551.4,0.2,4988.5,0.1055
460.27,3.43,0.7313,2217.4,0.2,1566.3,0.2654
227.67,8.27,0.3829,1480.9,0.8,3612.7,0.3062
22.34,28.43,-0.0774,1094.9,0.35,3388.9,0.5317
82.18,39.36,0.1439,605.9,0.7,1661.6,0.2341
398.88,25.19,0.0864,2006.2,0.6,155.7,0.3701
307.05,7.89,0.4922,1227.6,0.5,1036.9,0.2669
31.28,4.07,0.772,642.2,0.2,993.4,0.3917
56.98,26.83,0.3895,2901.2,0.2,2988.9,0.3549
173.96,33.82,0.5174,2459.8,0.45,4594.2,0.1615
295.08,26.88,0.2132,791.9,0.35,923.4,0.1636
209.12,5.51,0.2837,638.7,0.7,2779.0,0.2606
244.82,5.61,0.2146,1407.9,0.55,4329.0,0.375
97.56,15.36,0.4616,1993.9,0.6,3426.6,0.2697
207.82,33.6,0.3887,339.7,0.55,3981.4,0.1486
112.42,11.55,0.6807,1740.4,0.8,2753.1,0.2799
56.61,4.57,0.6751,2487.5,0.2,2714.8,0.4519
220.68,8.74,0.3252,2234.4,0.5,1495.6,0.2594
499.66,17.99,0.2486,2468.5,0.8,4327.8,0.3856
104.94,29.5,0.5891,2597.0,0.6,838.2,0.2572
69.62,8.26,0.1069,272.1,0.2,2666.1,0.3642
489.5,11.71,0.4727,2862.0,0.35,686.6,0.2862
375.05,16.46,-0.0407,904.2,0.7,3510.1,0.319
161.05,9.9,0.7436,1238.8,0.7,2891.4,0.2552
134.36,16.57,0.352,1937.5,0.35,2020.2,0.2568
438.66,18.19,0.388,1787.7,0.35,3657.4,0.1757
229.22,26.57,0.2582,283.7,0.6,1097.0,0.1635
134.27,33.13,0.2378,1776.0,0.8,3943.6,0.2572
447.08,30.49,-0.0541,1915.9,0.8,91.2,0.3896
228.26,39.67,0.3278,2987.5,0.7,4411.9,0.2603
150.93,34.98,0.7766,370.7,0.2,1259.4,0.0
82.76,15.85,0.2055,2128.4,0.5,2151.9,0.4364
45.6,3.81,0.1134,326.0,0.5,2602.0,0.5268
171.79,4.82,0.7603,2112.7,0.8,363.4,0.3354
191.53,29.23,0.0024,1008.7,0.45,694.3,0.2287
66.57,39.72,0.0429,1638.5,0.55,3055.5,0.3116
82.06,14.05,0.1131,2270.0,0.6,3084.2,0.3892
448.3,5.6,0.0232,2217.0,0.2,4816.6,0.3671
157.25,5.59,0.177,344.3,0.45,3897.1,0.2621
329.2,12.07,0.4177,1577.6,0.6,1484.8,0.2079
27.28,35.92,0.8547,1535.2,0.35,1213.0,0.3791
444.36,0.48,0.2611,1017.8,0.6,4305.5,0.3274
284.19,14.62,0.5829,2311.9,0.35,93.3,0.3567
19.91,2.42,0.6893,1569.2,0.6,2123.6,0.6205
201.14,25.62,0.4377,542.8,0.35,1556.4,0.1161
404.03,21.46,0.2907,1939.5,0.35,1557.7,0.2398
218.74,38.14,0.1386,809.0,0.6,588.8,0.1913
333.04,26.32,0.0756,136.7,0.7,3510.5,0.2183
81.92,38.12,0.423,2370.7,0.45,843.1,0.3274
134.38,35.46,0.6714,185.1,0.6,1367.2,0.1592
31.94,28.49,0.4767,323.5,0.8,2558.8,0.5128
83.44,6.29,0.6733,2693.4,0.35,1149.7,0.3836
254.41,1.76,0.7629,809.2,0.8,1826.2,0.2912
480.17,1.41,0.7031,2170.7,0.6,1130.3,0.3022
124.13,36.63,0.2199,2495.4,0.2,605.8,0.2107
111.59,20.63,-0.0541,1262.7,0.8,4331.5,0.2957
386.76,12.43,-0.0136,1424.6,0.2,1011.3,0.2635
311.36,18.56,0.4917,1530.7,0.5,3665.0,0.2114
273.28,31.84,0.0506,2804.0,0.55,1172.7,0.246
438.6,38.04,-0.0985,2006.2,0.45,528.7,0.3182
264.91,9.53,0.392,273.7,0.7,3561.1,0.3388
448.64,20.79,0.6008,1180.2,0.35,2908.0,0.2179
252.71,25.49,0.2944,1816.5,0.55,2180.6,0.2647
130.5,12.6,0.7008,2132.1,0.2,1597.1,0.2106
135.98,2.99,0.1027,2361.8,0.35,785.5,0.4021
203.26,21.44,0.8646,702.1,0.45,2322.1,0.1547
426.24,3.62,0.7076,982.2,0.55,1083.0,0.2641
355.58,38.74,0.2962,242.0,0.45,1308.2,0.1328
495.34,1.24,0.3044,1411.4,0.5,482.7,0.395
60.73,2.47,0.681,744.6,0.5,4120.1,0.4449
186.12,25.21,0.5447,1788.7,0.45,4588.0,0.3109
98.88,25.84,0.7093,366.7,0.2,621.4,0.1511
471.14,2.03,0.8241,1356.2,0.6,2485.7,0.2293
176.97,36.33,0.175,1393.4,0.7,182.9,0.3213
309.59,9.83,0.1951,1294.8,0.8,314.3,0.3665
99.73,35.39,0.4258,1929.2,0.55,4947.1,0.2207
390.96,14.36,0.4445,1505.6,0.2,1948.0,0.2367
109.51,35.83,0.6785,269.9,0.8,2651.9,0.1599
383.42,39.98,0.874,390.4,0.5,1340.0,0.105
27.95,39.86,0.1194,2554.9,0.6,1780.5,0.4808
419.61,33.81,0.0761,1818.3,0.2,4570.8,0.2725
473.78,22.54,0.4631,645.9,0.8,2715.2,0.2146
87.78,1.52,-0.0438,1844.8,0.55,2637.0,0.5395
100.73,5.22,0.6169,2764.5,0.2,307.2,0.3309
73.86,28.19,0.0417,421.7,0.2,4803.2,0.2105
197.8,4.04,0.2018,495.7,0.7,3664.4,0.3876
218.43,25.57,0.3872,1020.1,0.2,1124.0,0.1338
153.41,27.54,0.0273,2213.6,0.6,4255.3,0.2736
385.42,22.7,0.0821,1022.8,0.5,3201.8,0.2823
165.58,3.11,0.2468,1026.6,0.35,4110.1,0.332
335.01,29.17,0.2357,133.0,0.5,1255.2,0.1968
54.02,0.05,0.2859,2224.5,0.7,4423.9,0.5925
246.54,15.15,0.446,394.1,0.8,3945.8,0.1779
112.79,18.05,0.6992,196.9,0.55,1600.4,0.1281
475.83,2.97,0.0701,1188.8,0.35,2739.8,0.3514
297.02,24.55,0.3827,189.9,0.7,3040.5,0.1793
217.1,2.14,0.2311,2925.8,0.6,3489.0,0.4003
132.63,11.26,0.1375,243.9,0.8,776.4,0.2393
180.41,17.1,0.1945,2019.9,0.8,1006.4,0.3503
145.91,3.28,0.7438,994.2,0.6,2360.0,0.2558
447.44,10.6,0.5419,1223.8,0.2,4428.6,0.185
131.65,18.6,0.1262,878.8,0.55,764.1,0.29
348.24,3.87,0.5681,2443.7,0.6,4853.8,0.2902
420.4,32.74,0.3186,1653.0,0.8,2867.8,0.2012
117.82,11.95,0.2948,2576.4,0.55,2515.5,0.3923
338.77,24.81,0.0203,2295.8,0.7,4745.8,0.2727
83.58,8.48,0.0927,223.8,0.35,4941.5,0.2181
313.61,33.36,0.1579,2741.3,0.35,444.3,0.3164
278.18,22.08,0.7566,1607.1,0.55,3934.9,0.1406
209.8,16.58,0.0482,1805.0,0.35,4625.4,0.2631
281.34,4.04,0.1861,1653.3,0.2,4390.7,0.3128
286.01,18.92,0.0722,1268.6,0.6,203.5,0.4027
444.79,13.26,0.1376,2262.7,0.45,4486.2,0.4017
151.53,11.21,0.3916,2118.9,0.35,4862.8,0.2943
113.98,12.02,0.6437,2344.7,0.2,1354.4,0.1872
93.97,8.46,0.724,2248.7,0.2,4106.9,0.292
257.63,6.36,0.2111,1569.7,0.7,3904.8,0.2981
86.87,35.01,0.1007,267.1,0.55,2287.7,0.2345
459.02,28.19,0.174,2488.2,0.6,3180.7,0.2796
186.23,23.76,0.0776,2624.4,0.2,1727.8,0.2815
418.83,10.35,0.7309,362.1,0.55,1939.0,0.2208
482.46,34.28,0.5474,2065.3,0.45,3261.4,0.22
256.64,34.59,0.8671,2078.4,0.8,4558.5,0.1305
4.23,10.1,0.7051,985.8,0.45,2124.8,0.5479
188.24,13.95,0.152,1453.4,0.6,2926.6,0.46
483.24,33.58,0.4615,1821.9,0.45,1499.4,0.1858
54.05,2.55,0.8884,1957.7,0.45,1313.1,0.4206
149.4,6.0,0.6655,2709.1,0.6,3306.0,0.2366
340.38,28.85,0.5554,2992.7,0.45,4535.5,0.1632
291.51,39.79,0.716,1095.2,0.5,3434.7,0.1533
319.16,19.03,0.8407,1139.6,0.45,4228.6,0.1935
90.57,3.9,0.0279,850.1,0.7,4735.1,0.3291
449.8,26.18,0.1223,747.7,0.45,2108.2,0.2349
292.79,18.55,0.0178,255.7,0.35,2366.4,0.2144
97.27,4.79,0.5807,1636.5,0.6,279.8,0.3626
100.15,16.37,0.4694,2729.2,0.8,724.7,0.2997
431.2,7.21,-0.0192,1064.6,0.7,1573.9,0.3975
104.69,30.94,0.4763,559.5,0.35,655.7,0.1316
216.86,17.18,0.329,1484.5,0.55,198.2,0.3316
7.04,12.89,0.7332,652.7,0.55,3137.2,0.5952
124.41,27.74,0.2443,473.9,0.6,2521.6,0.1796
22.86,37.94,0.3559,1608.8,0.2,2174.0,0.4833
343.39,5.35,0.8961,1521.5,0.5,832.8,0.2907
9.56,8.97,0.8849,712.5,0.55,2952.6,0.5073
84.49,14.66,0.5505,208.4,0.45,3858.5,0.2127
23.98,4.32,0.7361,239.9,0.35,2089.7,0.4695
190.13,21.89,0.3744,544.1,0.55,1512.6,0.1601
134.99,24.23,0.0372,2508.9,0.35,2562.8,0.2385
308.85,11.31,0.6848,1543.4,0.5,3892.0,0.2852
178.96,16.39,0.0604,1689.6,0.5,3444.1,0.2128
240.33,9.38,-0.0873,358.1,0.35,4177.8,0.277
45.04,20.47,0.6236,393.7,0.45,3225.2,0.3491
228.38,39.09,0.1641,245.2,0.7,4372.0,0.218
338.38,17.04,0.0159,2568.6,0.55,58.3,0.4082
69.2,25.89,0.2287,2694.1,0.45,4393.6,0.4535
91.43,16.03,0.8623,888.3,0.6,3452.6,0.2408
239.12,16.87,0.7861,583.7,0.7,3483.9,0.2603
79.7,16.64,0.4908,2426.6,0.8,914.5,0.4159
189.88,14.34,-0.0712,2084.9,0.7,2420.6,0.2783
220.34,2.53,0.555,135.8,0.5,4889.7,0.2603
334.92,13.53,0.4231,2131.7,0.35,2169.9,0.2624
331.86,25.66,0.0487,2496.7,0.55,68.1,0.3403
467.19,20.22,0.3693,1537.9,0.7,383.6,0.2486
485.07,2.01,0.1227,1965.6,0.6,4087.3,0.3917
39.42,17.77,0.473,355.3,0.8,2240.9,0.497
326.69,4.11,0.3123,1715.7,0.55,4131.3,0.3681
395.89,38.53,0.5375,2681.3,0.5,3276.4,0.1715
412.66,32.66,0.7443,1062.7,0.8,3586.1,0.1508
181.65,18.1,-0.0026,2010.8,0.55,1713.4,0.3746
145.99,20.88,0.6021,232.8,0.7,2467.2,0.0847
410.92,29.7,0.3092,837.4,0.5,945.8,0.2048
228.52,31.26,0.6168,412.5,0.6,242.0,0.1521
316.62,26.89,0.0232,2686.1,0.8,3295.7,0.3502
249.41,21.21,-0.0514,2812.4,0.8,4622.6,0.3606
390.54,36.41,0.5918,603.6,0.7,526.7,0.1054
160.92,35.26,0.3187,1866.1,0.5,1375.2,0.1612
481.8,38.82,0.3528,486.8,0.6,3016.6,0.1933
421.54,21.91,0.2139,2236.8,0.5,1012.4,0.2464
312.08,11.62,0.2453,2049.9,0.7,2524.4,0.325
57.7,14.09,0.3804,1754.9,0.6,3374.5,0.4187
446.93,21.36,0.7775,1324.9,0.55,2618.4,0.1867
335.13,8.0,0.6502,566.7,0.45,3420.1,0.2137
73.21,2.48,0.6844,691.6,0.55,1799.8,0.3018
337.76,22.48,0.1243,1976.6,0.6,1195.6,0.3043
392.15,31.95,0.1876,2027.0,0.6,1943.9,0.3481
156.33,22.08,-0.087,828.9,0.8,4151.6,0.2534
455.74,28.19,0.5476,2289.8,0.5,3883.0,0.2311
88.71,27.31,0.087,604.0,0.35,1892.2,0.2273
214.25,22.26,0.0301,1793.6,0.45,38.2,0.2812
19.97,37.15,0.4969,2343.6,0.45,2457.8,0.5341
286.34,14.32,0.684,1021.8,0.5,4785.4,0.127
79.69,21.72,0.3034,1113.3,0.5,3320.0,0.2926
165.53,11.74,0.8503,1893.0,0.8,4983.2,0.2998
4.4,26.76,0.3457,2723.0,0.5,4794.9,0.5348
341.28,12.84,0.8159,2840.5,0.6,1290.4,0.2656
258.43,30.82,0.4143,1575.3,0.8,228.8,0.2563
449.14,7.7,0.4139,2849.8,0.7,4858.4,0.3706
313.47,8.43,0.5295,718.2,0.6,4180.0,0.1983
102.79,33.15,0.7786,2250.0,0.6,3236.3,0.2248
76.88,18.37,0.2317,353.8,0.55,898.2,0.2964
125.95,2.82,0.7216,2741.9,0.6,1946.3,0.2982
8.45,26.93,0.4348,1960.1,0.35,3782.2,0.5286
292.8,28.04,-0.0274,2791.3,0.35,1456.3,0.2651
140.76,37.07,0.2814,2484.2,0.55,2375.2,0.1919
266.73,5.46,0.291,2412.7,0.45,4801.1,0.3877
457.08,31.8,0.6293,1182.1,0.55,2772.1,0.1852
277.53,4.93,-0.095,1830.3,0.35,1530.4,0.3626
171.93,16.51,0.5459,1586.4,0.7,928.1,0.1625
308.44,10.11,0.0146,2045.8,0.55,4258.4,0.4813
230.63,21.99,0.1907,295.4,0.35,995.1,0.1434
290.3,38.06,0.2571,2046.8,0.5,509.2,0.1605
158.89,18.03,0.5163,986.5,0.7,2832.1,0.1633
182.25,12.65,0.3283,114.0,0.5,3930.4,0.224
138.34,14.38,0.5796,1061.5,0.8,2319.6,0.188
179.37,12.22,0.4517,609.7,0.35,4210.5,0.2244
269.31,10.53,0.7863,321.7,0.35,4461.6,0.1474
424.79,25.27,0.7126,1778.8,0.5,4532.5,0.1204
499.36,18.88,0.6752,1160.9,0.5,4458.3,0.1648
294.8,34.29,0.0339,1553.3,0.35,1990.0,0.1631
423.99,32.26,0.514,580.9,0.7,2236.6,0.1453
89.57,37.95,0.5594,2906.4,0.8,4696.5,0.3496
115.87,10.57,0.134,2038.9,0.2,1946.6,0.3256
458.95,35.26,-0.0601,1980.7,0.35,3521.6,0.1696
417.44,10.53,0.4444,604.2,0.6,1832.8,0.2348
326.67,33.42,0.4167,1191.4,0.5,2586.7,0.1167
243.43,19.28,0.5042,1555.3,0.7,2205.1,0.3044
115.0,20.58,0.1808,535.7,0.7,1817.5,0.2373
115.17,32.45,0.6203,1496.4,0.8,2400.3,0.1572
295.4,25.89,0.3109,806.6,0.7,2871.7,0.236
19.6,22.89,-0.0441,849.0,0.7,2588.0,0.6389
202.73,38.77,0.5376,2647.7,0.45,4736.8,0.2116
235.71,19.27,0.1194,1291.2,0.7,3975.1,0.3408
410.23,7.28,0.5596,867.1,0.2,4612.5,0.2019
189.11,5.29,-0.0834,1615.9,0.6,4134.3,0.3696
302.76,7.1,0.8016,1839.5,0.35,475.0,0.1914
269.64,0.05,0.8377,2067.8,0.6,2615.0,0.2242
185.19,1.74,0.4298,765.5,0.8,3949.9,0.2783
370.7,30.46,0.5967,383.4,0.7,1280.0,0.1667
382.93,36.4,-0.0162,1835.0,0.6,1296.4,0.3294
3.56,20.9,0.4198,1187.6,0.5,3442.0,0.5981
157.95,14.49,0.0548,1989.6,0.45,1313.9,0.2736
305.94,39.67,0.2975,690.7,0.8,901.8,0.1814
279.55,19.35,0.8885,1775.2,0.6,3681.6,0.217
373.91,17.86,0.5993,569.2,0.5,2546.6,0.1272
393.04,32.03,0.514,2085.2,0.55,812.1,0.1953
45.54,5.81,0.8259,1362.6,0.35,1322.8,0.4335
185.42,24.36,0.6245,2799.0,0.6,3073.7,0.1739
298.74,37.83,0.7202,1956.8,0.8,63.4,0.2592
425.28,37.23,0.4182,664.8,0.5,3079.8,0.1265
327.51,39.03,-0.0132,900.2,0.6,1772.1,0.1925
197.57,23.44,0.4177,2237.1,0.35,4596.7,0.1633
279.56,23.32,0.2475,2465.0,0.5,3035.8,0.2552
97.26,37.19,0.4749,857.2,0.6,2536.1,0.1199
169.98,4.68,0.4133,847.3,0.45,3474.0,0.2565
483.03,22.53,0.67,2296.7,0.8,3411.2,0.3021
240.99,10.31,0.2827,2387.1,0.5,3387.8,0.2833
114.97,12.63,0.8554,1597.9,0.55,3507.1,0.2047
199.47,29.95,0.242,1708.2,0.7,2388.0,0.2651
176.77,35.77,0.1691,2846.6,0.5,2500.0,0.2888
436.37,8.27,0.1028,824.1,0.2,788.4,0.3382
53.34,36.81,0.5758,2023.9,0.55,3823.6,0.3548
241.15,24.83,0.3923,2957.5,0.45,2459.1,0.2573
492.2,36.64,0.1803,744.1,0.7,280.2,0.2606
270.38,20.1,0.2937,2090.4,0.7,2291.4,0.2456
60.18,20.73,0.2157,124.4,0.5,1903.3,0.4038
430.92,7.49,0.1628,881.3,0.2,1836.0,0.2958
249.39,8.42,0.6007,1179.7,0.6,1405.4,0.264
287.95,9.14,-0.0001,882.9,0.5,2781.1,0.3388
428.15,7.84,0.7,2241.8,0.8,4030.3,0.3264
497.78,33.98,0.417,2189.6,0.8,1507.2,0.2772
281.07,22.71,0.2984,2102.6,0.55,1085.2,0.2587
48.15,29.78,0.1598,1144.9,0.45,1727.3,0.4817
205.88,14.04,0.5796,1856.2,0.7,4897.1,0.2594
255.22,30.99,0.3469,327.4,0.45,2324.1,0.1776
478.3,34.73,0.5406,2792.8,0.6,3160.1,0.1506
35.67,6.48,0.1282,1018.9,0.45,3555.1,0.5376
302.69,15.82,0.7877,2364.8,0.2,3742.0,0.154
83.66,34.17,0.025,780.4,0.45,4702.8,0.2621
350.35,3.2,0.0669,398.7,0.35,4684.6,0.2958
385.47,20.96,0.896,401.4,0.7,430.7,0.1469
465.79,15.59,0.1294,2239.0,0.8,3136.1,0.404
14.29,26.54,0.7604,1043.1,0.8,2341.3,0.5539
435.45,37.39,0.4485,491.8,0.7,2958.2,0.0887
438.65,17.4,0.5398,1648.0,0.2,2413.4,0.2159
113.56,3.58,0.2079,1295.4,0.7,1524.8,0.4263
423.97,13.76,0.3692,124.1,0.8,4735.3,0.2559
238.53,0.37,0.3304,949.5,0.5,3985.9,0.2919
441.08,17.48,0.1499,2173.3,0.6,4143.9,0.3093
110.3,3.17,0.5253,1598.2,0.45,1430.5,0.2911
206.45,34.14,0.0824,939.8,0.8,3092.5,0.1625
136.07,24.91,0.0878,156.2,0.55,4848.9,0.3234
141.06,5.0,0.3384,123.8,0.35,761.9,0.2741
246.79,13.68,0.2116,2418.4,0.2,2323.8,0.3058
421.77,38.07,-0.044,2349.4,0.35,2720.5,0.2244
90.8,35.83,0.1501,1206.6,0.55,618.6,0.251
385.61,17.72,0.6376,197.2,0.8,3679.3,0.1657
46.98,26.64,0.1084,1228.5,0.45,4681.7,0.4718
372.36,21.98,0.0221,1495.6,0.45,1001.6,0.3258
443.76,34.55,0.1178,427.5,0.6,1629.3,0.2083
59.82,31.57,-0.0911,221.8,0.8,3445.1,0.4186
77.5,30.83,0.1487,1549.8,0.2,4654.9,0.3357
29.89,25.78,0.6013,2395.3,0.7,2444.3,0.5061
158.37,22.33,0.5446,1107.2,0.8,3668.6,0.2495
362.2,10.03,-0.0605,2149.2,0.45,2718.2,0.366
245.05,22.67,0.4436,1038.7,0.8,1383.9,0.2651
277.26,2.76,0.055,957.5,0.45,2712.6,0.2639
227.04,31.04,0.406,2227.6,0.55,3102.5,0.1766
160.35,2.53,0.8672,2475.2,0.5,2625.1,0.3282
248.77,22.06,0.513,1035.5,0.2,561.2,0.1395
417.6,5.19,0.7735,686.0,0.8,966.2,0.2433
15.91,25.67,0.2886,1520.7,0.45,254.9,0.6112
6.54,36.84,0.5557,2792.4,0.35,2345.6,0.6297
319.46,14.44,0.6435,2682.2,0.2,3973.3,0.2903
264.51,29.37,0.7345,326.0,0.5,4803.3,0.1128
48.56,29.01,0.4317,649.4,0.5,2854.4,0.4003
279.07,29.84,0.6663,1772.0,0.8,3515.7,0.1652
213.54,4.16,0.6925,1694.9,0.2,3291.1,0.1902
466.76,36.1,0.4501,2990.9,0.2,2067.6,0.1907
316.62,33.05,0.2235,798.1,0.5,1881.6,0.1156
180.0,18.1,0.8598,100.6,0.55,4915.0,0.115
297.88,20.7,0.8934,975.3,0.45,4922.1,0.1341
385.76,37.73,0.7223,2765.4,0.7,480.5,0.2401
230.18,6.24,0.165,2679.9,0.5,1172.6,0.3878
199.9,36.72,0.6343,2198.4,0.8,872.8,0.1865
412.85,27.58,0.4762,2732.2,0.45,196.5,0.2997
390.06,36.87,0.2344,2651.4,0.6,2088.4,0.2243
433.92,34.79,0.1267,1993.1,0.55,3173.1,0.2367
262.19,12.77,0.4649,1047.8,0.5,774.5,0.2285
336.82,39.89,0.871,2283.2,0.35,1118.2,0.1158
66.09,3.3,0.4714,243.0,0.6,1320.2,0.4472
199.26,17.38,0.5979,2309.9,0.8,2800.9,0.2178
98.05,24.64,0.6357,814.1,0.35,1338.6,0.1412
215.03,27.39,0.476,426.3,0.6,2123.5,0.1313
296.94,0.97,0.2048,2964.2,0.8,3119.7,0.4717
220.23,36.97,0.1335,2087.5,0.7,3791.1,0.2752
27.27,37.96,0.8267,2619.4,0.45,78.5,0.5154
346.9,4.45,0.3501,166.0,0.5,3702.7,0.2872
375.18,21.95,0.523,2977.7,0.55,1889.3,0.3148
453.02,21.07,0.1555,274.3,0.5,3948.1,0.2116
327.38,0.33,0.2886,886.8,0.2,4322.8,0.2816
9.54,34.7,0.5494,770.4,0.6,2547.6,0.4786
242.33,23.88,-0.012,676.7,0.8,2807.8,0.1838
356.23,1.59,0.8223,984.3,0.8,1973.1,0.2884
175.96,25.01,0.1362,2936.9,0.45,4061.3,0.3278
312.9,35.15,0.7904,2463.1,0.55,4721.2,0.1921
170.89,15.71,0.0373,2216.7,0.5,2092.5,0.3255
286.45,17.06,0.2124,1855.6,0.8,2715.7,0.3229
270.68,32.0,0.7626,996.1,0.7,2156.0,0.1465
454.5,30.8,0.5562,1738.0,0.7,1594.3,0.0949
59.19,12.7,0.7796,2208.5,0.2,4401.9,0.3367
207.02,16.45,0.343,2807.9,0.45,768.3,0.3117
13.1,39.44,0.5169,1856.3,0.5,2985.8,0.544
115.46,1.04,-0.0205,2361.5,0.7,2516.6,0.3893
186.98,34.09,0.3914,498.8,0.5,1139.1,0.1027
204.29,38.75,0.8254,2855.6,0.5,3714.4,0.2376
33.07,37.08,0.8856,2614.7,0.8,3442.4,0.4445
433.39,35.5,0.3276,2351.0,0.6,3603.8,0.1604
285.97,21.45,0.5414,2141.9,0.55,2608.0,0.2906
225.8,33.08,-0.0576,2987.9,0.6,4919.3,0.3479
382.58,38.5,0.0899,1374.7,0.45,3870.6,0.2262
142.96,6.66,0.1944,2765.2,0.7,2323.3,0.3876
250.33,7.19,0.4854,2693.6,0.7,1971.4,0.3351
161.73,1.0,0.3537,2700.2,0.5,4413.9,0.4098
324.29,28.46,0.064,2226.5,0.35,579.7,0.2712
224.7,14.52,0.4238,1213.9,0.7,1899.6,0.2124
456.13,22.62,0.5595,535.3,0.7,902.5,0.221
356.02,16.78,0.2095,2329.0,0.8,1451.0,0.3739
480.22,0.14,0.6654,135.4,0.8,4278.5,0.3571
271.75,0.23,0.7827,789.8,0.8,2274.2,0.2224
3.29,35.29,0.1781,1923.0,0.5,254.1,0.6856
74.13,26.13,-0.0633,2576.1,0.45,1662.2,0.4172
496.87,6.45,0.1844,2016.7,0.7,4831.8,0.3808
374.67,14.41,-0.0642,2328.7,0.2,1849.2,0.3103
213.66,22.02,0.1928,490.2,0.45,1652.8,0.2163
206.88,8.39,0.1091,268.7,0.35,2423.5,0.2416
493.14,11.49,0.5088,1017.8,0.2,4636.3,0.1206
307.14,19.86,0.6292,1543.4,0.7,4419.5,0.2217
96.78,4.73,0.3649,2410.5,0.5,3999.8,0.3939
499.49,16.56,0.2338,1725.2,0.5,66.4,0.3777
395.1,12.31,0.4067,1039.4,0.55,578.0,0.285
166.64,15.84,0.4689,2884.3,0.7,978.1,0.3613
239.55,18.98,-0.0644,493.7,0.7,3139.7,0.1969
446.03,21.48,0.2351,2373.6,0.6,4639.7,0.3378
282.47,27.13,0.4552,154.3,0.2,3999.7,0.1328
444.01,14.14,0.8696,913.3,0.55,1702.4,0.1354
82.98,24.23,0.0874,438.8,0.45,3529.3,0.3137
157.25,1.27,0.3139,1541.5,0.5,1864.2,0.3545
262.55,7.0,0.2742,208.4,0.5,4567.6,0.244
221.89,1.0,0.3827,1550.2,0.5,1707.2,0.2487
155.18,13.09,0.6695,384.9,0.7,1033.9,0.2125
18.28,15.5,0.7648,435.9,0.45,4662.4,0.459
43.54,18.68,-0.0539,1609.7,0.45,122.2,0.5478
379.25,25.55,0.1098,681.6,0.45,1390.5,0.1899
58.83,5.97,0.1736,144.2,0.35,1040.8,0.4829
175.16,12.74,0.0416,2142.6,0.45,2874.7,0.3572
446.12,21.62,-0.0493,184.1,0.55,538.6,0.2773
26.9,17.06,0.079,1828.8,0.8,3085.4,0.6002
356.45,26.83,0.4335,2923.7,0.8,2843.3,0.3459
46.46,32.09,0.5986,382.1,0.45,3425.5,0.3083
115.85,8.95,0.7611,1889.1,0.2,1966.5,0.1733
349.81,26.61,0.6888,2659.0,0.8,2442.7,0.248
239.33,33.83,0.1823,1111.0,0.7,2544.7,0.2249
202.84,28.57,0.007,1712.8,0.35,3964.2,0.2
206.72,24.83,0.4479,2924.3,0.6,339.6,0.2894
104.12,27.76,0.3311,2942.6,0.2,2727.2,0.2343
38.95,37.23,0.4742,1511.2,0.8,1633.6,0.5023
48.83,17.81,0.208,1276.8,0.35,3430.7,0.3896
163.7,25.8,-0.0385,731.1,0.7,4437.4,0.2081
451.63,25.45,-0.0998,525.5,0.7,2270.3,0.2295
223.58,8.23,0.7774,969.2,0.45,4593.3,0.2595
468.34,28.71,0.8151,2971.8,0.55,3061.3,0.1106
426.25,2.5,0.8011,2906.9,0.55,3519.7,0.3136
410.38,14.37,0.7612,2610.5,0.5,2164.3,0.2011
355.89,16.24,0.3352,712.5,0.7,2379.6,0.2169
94.11,15.38,0.8245,2535.9,0.7,1449.5,0.2888
5.8,25.94,0.044,2666.2,0.6,4875.1,0.6723
67.89,5.49,0.7059,2594.4,0.6,3120.0,0.3986
410.04,15.39,0.1257,1331.8,0.55,2893.9,0.3043
423.4,9.47,0.4017,1291.4,0.2,177.0,0.3533
184.29,23.21,0.8617,332.2,0.45,2330.0,0.1105
39.12,35.6,-0.0116,1470.1,0.35,3423.5,0.4163
306.52,36.14,0.435,131.3,0.8,2568.2,0.1519
234.62,29.35,0.321,2885.7,0.45,1453.2,0.3338
374.71,29.08,0.4637,278.1,0.8,2894.9,0.185
286.43,26.25,0.1918,2238.4,0.55,1441.2,0.3057
425.72,11.11,0.0325,914.8,0.45,80.9,0.4085
55.77,6.98,0.4918,538.3,0.8,1855.1,0.4813
118.1,7.23,0.4274,196.0,0.35,4837.1,0.2971
297.77,32.87,0.7376,2283.0,0.6,3854.1,0.1739
318.79,8.43,0.6344,1100.7,0.45,3779.9,0.2747
58.0,6.7,0.2987,974.0,0.5,1905.2,0.4461
72.57,34.81,-0.0881,2788.9,0.8,1916.2,0.3876
157.84,21.21,0.8559,382.4,0.2,4781.4,0.0042
429.18,13.4,0.1671,385.0,0.6,2310.9,0.3051
337.65,9.67,0.5719,2334.4,0.2,3391.8,0.2939
5.29,0.34,-0.032,1292.6,0.35,3430.6,0.7424
175.76,29.01,0.1519,198.7,0.35,293.8,0.1381
108.41,23.98,0.0218,2877.6,0.35,4283.6,0.2597
64.95,26.26,0.7999,1741.6,0.7,4481.0,0.2983
233.48,37.45,0.5388,2775.8,0.45,3849.1,0.1764
346.11,26.7,0.6701,846.3,0.35,1393.7,0.1515
497.98,10.33,0.7128,616.0,0.35,2463.7,0.1962
464.29,24.41,0.0784,1527.0,0.7,2707.8,0.2271
53.12,17.66,0.159,201.1,0.35,2861.0,0.4334
125.3,17.84,0.7965,531.7,0.55,4665.1,0.1315
350.03,36.18,0.4746,1594.6,0.8,2395.9,0.1755
201.96,29.11,0.7123,303.3,0.5,26.5,0.2631
241.03,22.69,0.835,1140.9,0.45,2009.1,0.111
316.14,38.35,-0.0093,1650.4,0.2,411.5,0.1677
323.9,7.06,-0.0607,1214.1,0.5,1501.4,0.3604
195.05,4.27,0.5888,1510.9,0.8,3679.3,0.3275
359.87,23.72,0.3892,282.7,0.45,2503.4,0.1882
482.48,32.47,0.8666,147.6,0.2,289.7,0.0849
59.09,32.28,0.5673,1429.3,0.7,3707.8,0.3242
116.49,2.88,0.6355,1517.8,0.55,2361.4,0.2966
350.65,5.22,0.0722,244.9,0.45,4105.5,0.302
48.65,24.45,0.7354,285.5,0.35,579.8,0.2621
31.56,8.11,0.2373,2524.1,0.6,1627.9,0.6075
487.93,23.04,0.0373,2525.6,0.5,3823.5,0.2801
60.37,5.65,0.3152,2119.3,0.7,2198.9,0.4978
462.84,1.63,-0.0,2557.4,0.6,3890.5,0.4801
3.17,7.18,-0.0109,1990.1,0.45,2086.9,0.7606
403.71,30.9,0.5924,697.9,0.45,2620.2,0.0338
305.27,1.5,0.08,1549.7,0.35,3139.7,0.407
391.29,13.91,-0.0954,783.4,0.35,4933.2,0.3317
431.37,39.47,0.4075,1446.2,0.5,1389.4,0.1686
96.86,31.86,0.5852,2908.9,0.8,2492.6,0.2997
27.01,14.57,0.1096,829.0,0.8,226.2,0.7269
370.21,36.99,0.0759,2377.9,0.8,2579.4,0.3202
222.41,23.19,0.3191,2266.6,0.2,1158.0,0.2395
55.07,9.11,0.1371,1296.5,0.5,1883.9,0.5037
242.2,35.62,0.0449,2790.9,0.8,898.5,0.3593
186.74,18.31,0.0942,1139.9,0.45,1019.0,0.3077
29.83,5.46,0.7517,1429.9,0.7,3804.1,0.5919
109.93,11.81,0.0568,2404.2,0.7,2894.8,0.3513
205.85,20.87,0.7622,727.7,0.8,4186.6,0.161
139.59,29.2,0.6362,815.3,0.2,2176.9,0.107
473.13,36.55,0.7983,1311.5,0.55,209.9,0.266
235.33,30.74,-0.0664,1640.3,0.8,4050.5,0.2696
247.64,3.32,0.6531,2110.2,0.6,4750.2,0.2927
66.36,11.83,0.5476,363.1,0.8,3348.5,0.3966
285.19,23.35,0.8764,1444.9,0.7,4372.3,0.1973
202.68,31.59,0.2704,1446.5,0.55,4303.3,0.2787
166.45,1.31,0.3259,882.4,0.5,3940.6,0.3462
40.48,35.23,0.6358,259.0,0.2,4441.0,0.342
309.57,14.62,0.0753,1720.5,0.35,2808.2,0.3239
386.79,5.54,0.2349,1664.9,0.8,3689.5,0.3648
351.42,30.13,0.6609,1029.3,0.45,2522.8,0.0361
211.46,2.18,0.2728,1412.0,0.35,2356.1,0.2464
449.73,18.08,0.2681,2052.6,0.35,949.9,0.2516
441.99,3.49,0.2907,618.6,0.35,555.7,0.2686
248.16,35.0,0.4207,1919.1,0.45,2088.5,0.2497
341.2,37.27,0.3739,1318.4,0.55,1464.7,0.2565
116.16,37.9,0.5447,1293.9,0.2,3282.2,0.1513
393.41,19.45,0.5659,1637.5,0.8,2295.5,0.1654
153.25,31.57,0.1268,1178.5,0.45,3851.1,0.1681
23.66,14.12,0.3559,582.5,0.7,3561.9,0.531
419.67,27.71,0.5664,545.1,0.5,593.4,0.2333
496.89,22.98,0.3409,1172.0,0.5,2816.8,0.2449
171.92,14.92,0.4399,571.5,0.45,616.2,0.2149
12.46,37.24,0.6685,2848.6,0.2,788.7,0.5632
253.7,25.89,0.1956,2698.3,0.7,3999.9,0.2898
364.27,36.89,0.2387,425.7,0.8,4501.9,0.2266
154.04,16.07,0.7409,1393.3,0.35,1638.6,0.2182
304.08,7.81,0.4264,2365.7,0.45,986.6,0.384
338.53,38.3,0.8758,1243.8,0.8,1595.6,0.1674
302.54,37.74,0.8084,1147.1,0.7,3582.7,0.0891
6.1,13.8,0.2081,1392.2,0.35,1086.3,0.6635
443.9,29.66,0.3156,1383.3,0.7,4030.3,0.251
448.21,5.58,0.4872,349.6,0.5,1523.1,0.2412
494.19,21.01,0.2354,2806.1,0.6,451.4,0.2469
207.26,22.23,0.6102,2290.2,0.7,1004.3,0.2867
416.14,11.58,0.3906,2486.1,0.45,4174.6,0.2909
231.73,1.07,-0.0976,861.8,0.8,629.6,0.4374
332.96,11.51,0.0794,2729.7,0.5,151.9,0.4437
485.31,23.96,0.2618,1493.4,0.6,4343.0,0.1943
314.0,19.04,0.5942,446.8,0.55,4227.9,0.1779
159.84,35.13,0.0355,573.6,0.45,1812.2,0.2045
318.12,38.21,-0.0513,945.8,0.35,2574.2,0.2055
47.25,30.11,0.4437,2630.1,0.45,1364.6,0.3993
348.98,14.5,0.4344,1119.7,0.7,74.4,0.3039
242.45,13.61,0.8108,397.0,0.7,2521.9,0.1759
415.79,31.8,0.4587,2100.0,0.35,2092.6,0.1974
65.62,0.7,0.2482,2104.0,0.7,4087.0,0.521
444.86,23.91,0.6636,1091.9,0.45,153.5,0.2301
428.41,5.69,0.1266,463.5,0.7,4905.7,0.2965
212.4,30.52,0.0117,154.5,0.8,3789.1,0.2467
396.53,20.54,-0.0407,444.9,0.45,226.0,0.3022
150.82,0.41,-0.0035,459.0,0.5,2942.1,0.3664
14.63,5.82,0.6462,904.4,0.2,1767.5,0.6083
427.57,31.23,0.513,1564.2,0.35,504.5,0.1447
108.5,7.66,0.1819,2714.8,0.55,4868.2,0.3748
49.34,8.56,0.4042,2152.5,0.2,3493.7,0.509
53.66,33.39,0.8813,1329.9,0.5,2043.8,0.3413
380.7,12.57,0.3659,1607.2,0.8,3813.7,0.2922
20.3,13.12,0.0157,922.5,0.45,3438.4,0.5637
420.55,9.03,0.3073,2956.4,0.6,952.0,0.4365
237.84,27.17,0.0793,2996.3,0.8,3363.8,0.3646
198.18,20.91,0.5765,445.7,0.6,2009.1,0.1534
462.65,39.11,-0.0353,2928.1,0.2,1009.3,0.2571
422.01,16.17,0.1329,1331.6,0.8,1399.8,0.3005
136.49,31.58,0.5438,1260.7,0.8,3336.7,0.1274
475.07,39.5,0.4114,527.4,0.8,549.1,0.1692
314.19,5.38,-0.0004,253.3,0.35,2495.7,0.355
13.37,7.16,0.5046,1048.2,0.45,3113.6,0.615
375.8,30.7,0.6927,685.6,0.8,2456.3,0.1426
130.83,13.74,0.7597,1685.2,0.55,4953.7,0.2344
225.06,34.11,0.3426,204.3,0.7,2787.8,0.1548
430.18,12.12,0.6061,1525.3,0.7,1569.2,0.2074
284.43,19.62,0.4538,1664.2,0.8,2384.8,0.304
427.18,20.27,0.2914,1534.6,0.6,3088.5,0.1899
160.24,1.13,-0.0549,2527.1,0.2,4049.7,0.4836
291.98,30.61,0.5252,1203.7,0.6,1732.3,0.1361
330.62,9.9,0.5481,1818.3,0.35,4346.0,0.2851
57.24,6.79,0.4384,208.4,0.6,2844.6,0.457
347.98,23.52,0.8858,1195.4,0.6,1618.9,0.1191
48.86,19.53,0.5909,697.1,0.8,2518.8,0.4095
307.41,14.53,0.336,1541.2,0.35,4203.5,0.2173
267.92,11.49,-0.0525,2989.1,0.6,4025.0,0.3307
358.85,23.13,0.4919,892.8,0.8,2141.3,0.1353
173.66,3.07,0.7237,1563.5,0.45,2170.2,0.2378
201.15,25.0,0.3532,2314.0,0.7,4405.7,0.2579
313.92,20.65,0.0865,1547.7,0.8,1347.0,0.2586
426.39,36.27,0.8346,2207.2,0.55,2616.1,0.0926
182.14,5.91,0.0505,2087.4,0.45,4222.2,0.3043
455.57,25.36,0.746,874.1,0.45,3233.8,0.1637
128.22,24.05,0.3059,429.3,0.5,148.2,0.2643
242.69,39.65,0.322,2726.4,0.5,805.2,0.2078
68.22,10.34,0.7035,2010.1,0.7,3225.0,0.4621
391.12,2.21,0.7965,1010.3,0.45,4337.2,0.2517
450.29,16.28,0.2634,2006.5,0.35,1990.5,0.3155
118.02,22.84,0.4002,449.9,0.45,2487.3,0.1058
45.12,23.99,0.6732,1008.9,0.6,4031.1,0.3754
109.0,4.27,0.1141,896.2,0.6,1279.0,0.2438
294.74,19.61,0.2747,2851.3,0.2,2733.3,0.2451
138.87,31.37,0.0449,1478.1,0.2,4108.6,0.2071
10.54,38.67,0.5058,2540.3,0.55,3456.5,0.5757
276.36,12.37,0.8585,1152.3,0.35,2679.2,0.1417
118.19,17.7,-0.0921,2886.2,0.45,1511.4,0.4139
148.71,34.38,0.0602,1372.7,0.2,4398.5,0.1697
383.37,16.25,-0.0661,2612.7,0.8,2360.7,0.3177
358.69,35.07,0.7202,2490.8,0.45,2536.6,0.2065
175.93,24.08,0.7134,2239.6,0.8,3479.1,0.2265
91.87,17.74,0.5411,108.9,0.5,3145.2,0.1556
156.86,3.29,0.0578,1597.5,0.7,4236.3,0.3609
159.7,19.13,0.6352,856.0,0.2,3999.6,0.078
99.33,16.58,0.0819,2641.5,0.5,113.5,0.4711
306.0,9.15,-0.011,1441.0,0.45,3509.3,0.3443
84.38,16.04,0.3289,854.5,0.35,4790.6,0.307
7.06,21.03,0.6734,2792.0,0.8,601.4,0.6827
356.78,7.62,0.7619,2368.2,0.45,3734.8,0.236
103.3,8.62,0.7241,2207.5,0.5,2097.5,0.2953
204.26,5.84,0.1902,859.2,0.8,4537.6,0.2952
229.08,0.41,0.0332,1037.4,0.6,3437.4,0.4188
356.67,28.34,0.6361,843.1,0.35,2789.4,0.1992
235.47,14.17,0.5064,2045.3,0.55,36.8,0.3924
252.27,15.24,0.8775,2046.7,0.7,4840.6,0.175
130.15,20.15,0.8303,2645.9,0.7,457.3,0.2198
355.13,17.32,0.1604,1008.5,0.7,2501.1,0.3117
180.3,17.2,0.8028,863.3,0.45,2589.7,0.1477
217.89,6.6,0.6369,1524.7,0.7,2782.8,0.3328
219.99,7.56,-0.0454,631.1,0.8,1308.5,0.3209
352.98,17.46,0.8952,2788.9,0.55,2213.2,0.2762
228.88,4.5,0.6198,529.4,0.2,477.0,0.2067
434.09,7.23,0.0683,1575.3,0.45,2820.6,0.3273
499.0,0.17,0.6668,623.6,0.35,1238.3,0.2155
249.06,3.77,0.2287,924.4,0.35,1976.9,0.2159
418.49,6.15,-0.0189,2509.0,0.8,2275.7,0.3768
477.6,23.77,-0.0942,2912.3,0.8,1631.3,0.3501
478.7,22.77,0.1114,241.2,0.45,1622.6,0.1498
27.77,2.83,0.8519,1206.0,0.6,1283.3,0.5395
199.46,0.82,0.1082,1226.7,0.6,1431.8,0.4373
376.28,26.16,0.0206,1523.5,0.6,3682.1,0.3433
301.76,14.36,-0.0039,1165.6,0.5,2453.2,0.2639
442.71,19.06,0.4631,1326.9,0.6,4056.9,0.1961
213.01,1.62,0.2417,1444.2,0.5,3241.6,0.3154
356.82,37.23,0.4273,1977.0,0.35,1460.6,0.0994
238.81,5.94,0.0278,2718.4,0.5,2620.2,0.4383
147.74,1.91,-0.0235,230.8,0.35,2558.2,0.2873
360.15,32.51,0.2555,1798.1,0.55,578.5,0.2418
330.79,7.18,0.0822,1239.6,0.35,2087.1,0.3065
362.05,30.29,0.3499,2442.7,0.2,4833.9,0.1619
435.67,7.49,0.0851,2266.4,0.45,4359.4,0.4043
2.92,4.67,0.0717,1483.6,0.6,4345.2,0.7842
482.9,24.08,0.3867,1893.6,0.2,3456.4,0.2557
402.32,3.51,0.0351,653.3,0.55,3483.2,0.3246
94.11,1.07,0.3811,520.9,0.5,2184.6,0.2622
95.46,12.04,0.3634,1474.6,0.55,591.1,0.2472
451.21,29.55,0.3453,1506.6,0.55,4300.4,0.1727
284.72,33.35,-0.0491,122.8,0.6,4897.6,0.1963
424.31,29.48,0.4958,1707.5,0.45,194.7,0.1938
362.31,37.41,0.8051,2616.1,0.5,3574.3,0.1922
264.15,16.88,0.2159,284.2,0.6,4446.8,0.2847
323.09,17.93,0.3362,567.9,0.5,2351.5,0.2501
219.06,20.31,0.4877,2086.4,0.8,664.5,0.2518
479.9,33.32,0.5731,2230.3,0.8,4000.8,0.274
422.27,24.87,0.1825,2272.8,0.8,654.2,0.3162
50.45,16.64,0.8938,980.6,0.5,2788.6,0.402
499.63,14.35,0.1608,2063.1,0.7,4141.5,0.3447
31.83,17.22,0.5176,450.0,0.5,2437.0,0.4526
496.83,31.4,0.6694,2333.3,0.45,4482.6,0.2172
302.14,4.17,-0.0496,2844.2,0.8,4813.6,0.3881
377.88,38.99,0.6817,1868.0,0.35,4119.8,0.1557
314.96,34.83,0.811,555.4,0.45,3543.7,0.0805
380.98,19.94,0.7705,547.5,0.2,1679.7,0.157
219.55,16.63,0.669,811.4,0.8,1713.2,0.2681
252.51,3.41,0.2724,2289.1,0.2,3150.9,0.3356
264.83,31.49,0.038,1343.6,0.6,4491.3,0.3049
475.92,20.65,0.5822,2836.8,0.8,736.5,0.3552
471.82,3.39,0.2148,2947.6,0.7,2176.0,0.4233
196.63,1.48,0.8225,537.8,0.55,4888.9,0.2968
437.91,38.91,0.3193,2668.8,0.45,3610.5,0.2249
156.85,13.77,0.727,2710.6,0.7,3504.5,0.255
272.21,31.53,0.552,2122.7,0.6,3879.2,0.2011
440.49,3.37,0.4374,1231.0,0.7,2607.1,0.2899
255.84,12.49,0.2407,1943.5,0.55,149.2,0.3773
398.3,23.7,0.1413,2345.1,0.6,4934.9,0.3049
186.49,25.08,0.2545,238.4,0.35,2249.2,0.1804
286.22,0.21,0.239,784.7,0.5,1758.2,0.3094
357.43,26.9,0.6144,1607.0,0.5,535.1,0.2361
258.23,7.7,0.6785,1417.5,0.7,3561.1,0.2742
31.1,35.54,0.3763,1393.9,0.2,3387.3,0.4104
201.38,22.36,0.6788,2628.8,0.8,3185.9,0.3127
473.91,29.27,0.3169,572.2,0.7,2429.0,0.1777
228.86,38.72,0.4132,1634.5,0.5,2282.6,0.2063
279.51,36.87,0.0188,2571.7,0.35,613.1,0.2698
285.88,1.61,0.0533,1177.3,0.2,1523.3,0.2605
71.07,23.58,-0.0513,2693.3,0.45,1085.8,0.4368
409.56,19.55,0.0223,1111.1,0.55,2093.7,0.232
450.14,31.25,0.3752,2188.1,0.7,3812.1,0.2083
252.38,18.44,0.3499,1402.3,0.2,455.7,0.1807
193.62,36.01,0.239,232.9,0.8,3682.2,0.1547
322.96,34.64,0.6072,1758.8,0.45,2809.6,0.1908
96.21,24.75,0.4769,253.3,0.5,3755.3,0.2058
251.32,0.75,0.5583,1642.4,0.55,1382.1,0.3339
419.46,23.18,-0.0154,1647.3,0.2,2015.0,0.3224
22.49,34.48,-0.0767,1367.4,0.6,130.0,0.5901
45.51,39.19,0.4418,927.5,0.7,1285.2,0.3819
44.81,12.27,0.3073,590.7,0.2,915.5,0.4292
49.37,5.7,0.793,848.0,0.35,268.9,0.4175
119.81,23.88,0.1365,1575.0,0.6,4747.3,0.2589
276.56,2.62,-0.0711,1937.3,0.55,1353.1,0.4342
481.74,27.0,0.1463,1708.7,0.7,1530.0,0.2474
317.9,8.14,0.8679,1182.6,0.7,3912.3,0.2357
268.77,16.95,0.8115,1410.1,0.55,4065.1,0.239
326.53,6.7,-0.0398,2773.3,0.45,2993.4,0.389
419.74,15.21,0.2514,1933.4,0.45,237.0,0.3377
150.32,15.81,0.023,505.0,0.45,4392.6,0.2113
105.43,20.19,0.7021,2663.4,0.2,3179.5,0.2625
136.51,26.49,0.2216,710.8,0.2,89.2,0.2369
345.92,25.86,-0.098,1481.9,0.55,3366.8,0.1924
351.65,30.5,0.4381,2383.2,0.35,2697.9,0.2387
446.29,32.64,0.3452,457.9,0.6,4139.1,0.1425
383.98,27.88,-0.0916,1441.8,0.5,2228.4,0.2677
110.76,0.79,0.1811,2772.1,0.2,965.6,0.4024
404.21,8.85,0.8801,2905.2,0.55,1411.0,0.2237
452.25,28.28,0.1091,668.7,0.6,563.6,0.2009
85.24,7.75,0.6388,2049.3,0.7,336.1,0.4356
64.12,2.6,0.1596,1752.7,0.5,4406.2,0.5024
423.83,0.92,0.8698,2065.4,0.45,3406.6,0.2408
441.55,0.08,0.3271,2052.0,0.55,4270.8,0.3335
203.44,4.87,0.4183,1537.2,0.55,4420.2,0.3786
112.27,11.12,0.3201,1401.7,0.55,1965.4,0.2457
403.84,39.61,0.1256,2099.7,0.35,4585.8,0.3011
98.44,13.17,-0.0372,1913.4,0.55,2405.0,0.3711
313.15,13.37,0.1504,412.7,0.5,4794.4,0.2105
416.26,32.87,0.4197,786.6,0.35,3881.0,0.0838
312.67,23.16,-0.0145,276.0,0.55,1893.2,0.1928
445.04,27.73,0.6826,279.8,0.8,283.4,0.1496
50.91,2.23,-0.0478,2564.8,0.6,488.2,0.6029
375.98,9.32,0.4996,2013.2,0.55,2272.5,0.2527
310.11,4.05,0.5509,2059.8,0.55,2275.8,0.3239
164.1,7.7,0.0027,1826.0,0.35,2968.5,0.3959
62.99,20.36,0.2554,1496.1,0.8,937.8,0.3548
68.84,1.76,0.0277,1795.1,0.2,1562.8,0.5354
73.7,12.35,0.2429,1169.6,0.55,2593.2,0.3431
328.84,5.78,0.1374,2475.6,0.55,2116.1,0.3935
454.25,31.41,0.2416,2036.8,0.8,3002.8,0.2804
165.57,23.14,0.8631,1886.7,0.6,1649.8,0.235
455.27,19.84,0.82,1952.4,0.5,2338.0,0.236
106.57,19.23,0.6683,2462.5,0.6,1034.5,0.2908
181.41,2.95,-0.07,434.0,0.45,2207.6,0.4413
315.67,36.51,0.2599,2928.4,0.5,997.1,0.2963
359.42,13.59,0.4545,617.8,0.55,888.6,0.2976
130.89,4.05,0.7314,498.0,0.35,1698.5,0.216
184.82,14.89,0.0714,1628.1,0.6,4393.2,0.3627
32.69,5.78,0.8242,2405.2,0.5,2667.4,0.531
214.77,25.45,0.821,2312.9,0.5,4273.6,0.1393
147.09,5.94,0.1472,1925.4,0.45,4365.5,0.4128
442.92,8.37,-0.0186,1464.9,0.35,845.5,0.2473
194.06,35.3,0.6511,1185.4,0.8,903.2,0.1483
241.65,38.23,0.3738,1785.4,0.55,1043.9,0.1529
447.44,18.08,0.1344,733.9,0.6,4444.7,0.1744
187.05,22.02,0.0343,343.7,0.8,2598.9,0.2241
115.09,1.65,0.4123,1075.5,0.8,2343.1,0.2722
158.51,15.29,0.0796,778.0,0.35,1801.9,0.2968
41.21,33.7,0.4128,1966.6,0.45,4633.8,0.4394
19.14,8.01,0.0966,1054.8,0.45,3728.6,0.645
384.24,33.82,0.0906,1851.7,0.7,4992.0,0.2615
456.19,0.34,0.1995,2484.7,0.6,4729.6,0.3421
410.93,30.31,-0.0881,1996.9,0.7,4328.7,0.2889
104.94,9.35,0.487,1702.6,0.8,3615.3,0.3718
230.7,31.68,0.2131,644.8,0.6,1055.8,0.1352
187.35,23.1,0.0283,2835.7,0.55,2504.0,0.3445
329.42,14.19,0.1255,1334.6,0.6,3816.6,0.2913
293.48,22.7,-0.0678,503.5,0.2,2845.3,0.1752
399.57,36.55,0.4739,1233.6,0.6,1029.0,0.13
94.17,4.35,0.4695,1409.5,0.45,475.3,0.3489
52.16,22.12,-0.0679,2098.2,0.8,143.9,0.6237
192.95,8.24,0.1911,1620.7,0.8,296.7,0.4792
259.27,6.87,0.7597,1291.5,0.7,4948.1,0.282
371.57,15.56,0.8036,698.8,0.5,1555.7,0.1898
408.95,26.59,0.0588,1767.8,0.45,2941.6,0.1932
137.72,0.3,0.0427,285.5,0.6,3028.2,0.3512
123.42,13.16,0.4692,1523.8,0.8,2884.9,0.2822
440.5,18.25,0.6003,2163.8,0.45,1961.5,0.1974
411.71,33.99,0.3151,620.8,0.6,2294.6,0.1891
284.31,15.74,0.8457,795.1,0.7,1376.1,0.1627
314.04,11.68,0.8163,2124.3,0.5,4544.6,0.1766
60.62,14.75,0.6554,1562.7,0.2,2056.4,0.3838
82.42,8.29,-0.0554,177.5,0.8,1912.0,0.4068
198.34,0.43,0.0147,2759.7,0.2,3354.8,0.3273
232.12,18.45,-0.0175,2005.4,0.8,709.9,0.3808
85.29,0.72,0.0005,953.0,0.6,850.6,0.3639
335.7,0.45,0.1733,1377.9,0.7,1091.2,0.4355
108.08,27.87,0.7365,2453.4,0.35,1959.2,0.1762
154.16,2.1,-0.0953,2340.0,0.5,4644.8,0.3923
45.69,16.87,0.8893,1077.6,0.5,3403.0,0.3935
31.59,38.35,-0.0034,2522.6,0.7,3622.8,0.6207
407.81,12.91,0.5268,1911.6,0.6,4695.2,0.286
60.4,8.55,0.2566,603.5,0.6,3273.4,0.4689
110.05,26.32,0.1785,1909.3,0.55,346.0,0.2859
109.28,12.06,0.4989,2951.0,0.35,3565.5,0.3211
284.6,10.08,-0.0053,1040.6,0.6,3392.7,0.2439
486.18,27.75,0.232,1942.5,0.2,4890.3,0.1966
8.82,36.48,0.3489,1582.0,0.5,2522.1,0.5427
352.31,0.53,-0.0788,2300.9,0.35,1551.2,0.3993
309.88,2.4,0.2745,960.2,0.7,1885.0,0.2681
321.02,9.52,0.6253,2966.8,0.8,3698.9,0.3219
321.8,30.42,0.4209,2934.9,0.45,3755.2,0.2577
114.51,29.31,0.2427,696.9,0.55,4534.1,0.1645
343.67,28.78,0.5081,1206.3,0.2,925.9,0.1021
314.89,2.58,0.3916,2865.6,0.55,3175.5,0.395
45.88,23.71,0.7312,2802.3,0.5,2542.0,0.4514
213.12,18.68,0.0642,672.9,0.6,890.4,0.2641
224.14,25.42,0.1719,2365.7,0.35,4755.6,0.2895
179.79,15.11,0.3707,1325.8,0.6,3804.0,0.292
9.91,15.26,0.754,2300.7,0.45,2980.0,0.5236
76.4,29.07,0.1573,1444.6,0.8,1423.3,0.3009
166.62,28.59,0.0957,2756.8,0.55,74.0,0.3557
250.35,29.01,0.3915,2784.5,0.6,4852.8,0.2152
320.52,23.53,0.3088,212.6,0.35,1930.3,0.2042
282.8,7.77,0.3363,840.2,0.2,2552.9,0.1834
348.23,26.04,0.8265,2233.4,0.5,2393.9,0.1695
460.73,14.46,0.6066,181.9,0.7,1314.0,0.1486
127.14,24.09,0.8518,2540.4,0.55,592.5,0.2051
46.15,28.46,0.2843,2147.6,0.35,2597.5,0.447
414.87,10.11,0.2022,2906.3,0.6,2934.5,0.4142
366.97,30.1,0.8243,2621.3,0.35,3184.5,0.1523
71.36,29.95,0.83,1254.1,0.45,42.0,0.2708
84.2,19.67,-0.0031,2343.9,0.6,2629.6,0.3619
85.32,14.99,0.604,674.3,0.7,2518.0,0.2165
55.12,22.68,0.1126,682.7,0.7,4047.8,0.4673
435.81,17.63,0.813,416.7,0.7,408.3,0.2849
42.85,4.99,-0.0357,186.0,0.5,2394.7,0.5451
30.53,30.07,-0.0928,1789.1,0.55,493.2,0.5195
261.17,0.29,0.503,2962.0,0.45,4661.3,0.3308
214.73,14.83,0.7902,2998.4,0.5,4705.5,0.2633
332.54,15.14,-0.0428,1132.5,0.2,4033.3,0.3505
200.9,33.42,0.825,174.5,0.35,4346.3,0.0628
139.73,27.97,0.7151,1168.4,0.8,2579.4,0.1579
319.04,37.68,0.2222,1938.0,0.55,4848.3,0.2265
367.91,27.12,0.1336,1505.2,0.35,1748.2,0.308
238.06,26.33,0.5995,391.3,0.6,1476.4,0.1028
97.54,5.73,0.4201,1758.5,0.55,648.0,0.3334
336.53,21.95,0.7748,587.4,0.8,4775.7,0.1251
241.08,21.63,0.1434,594.3,0.35,536.3,0.2189
464.5,13.06,0.2835,913.0,0.45,3333.0,0.2533
475.75,26.82,0.5655,2775.9,0.8,461.3,0.2308
465.89,30.65,0.5007,1967.6,0.6,4551.7,0.1179
371.48,29.0,0.5539,2376.7,0.6,4044.2,0.2103
43.84,3.57,0.6406,2817.9,0.35,2868.5,0.558
63.71,12.53,0.2802,2237.1,0.45,318.8,0.4156
489.92,12.79,0.265,2070.0,0.7,2603.6,0.3119
300.81,8.89,0.2953,1661.0,0.8,1586.5,0.3513
109.45,27.2,0.0474,921.8,0.55,2998.4,0.1981
154.45,39.61,0.0235,2990.9,0.8,3159.1,0.3332
483.25,2.35,0.7102,542.8,0.5,4241.9,0.2659
467.22,9.0,0.6357,2777.2,0.7,4285.3,0.3159
407.51,36.5,0.0592,162.5,0.6,1693.7,0.1677
338.95,39.61,0.6577,1234.1,0.45,1419.0,0.1807
274.01,3.89,0.2234,2394.7,0.55,4250.6,0.3489
354.79,18.3,0.0637,498.9,0.8,1462.5,0.2962
374.19,29.41,-0.0909,2205.3,0.35,3394.8,0.2783
494.24,5.9,0.8504,1338.6,0.7,4630.7,0.3355
89.82,2.1,0.8803,1985.3,0.6,4848.9,0.379
313.49,16.16,-0.066,798.5,0.8,1520.4,0.2909
372.6,31.03,0.8912,2045.1,0.35,3890.9,0.0991
432.45,26.01,0.1752,1994.3,0.2,67.9,0.325
320.7,36.34,0.1249,1801.9,0.8,1375.9,0.277
372.68,31.77,0.0811,1504.2,0.6,1498.8,0.2631
356.88,34.49,0.4375,1275.5,0.55,1975.0,0.1955
408.73,31.34,0.4301,285.4,0.35,3770.0,0.136
58.66,34.48,0.5952,115.4,0.8,4004.6,0.3626
61.52,5.15,0.1062,567.5,0.45,4258.7,0.5691
253.07,14.54,0.4444,1326.8,0.55,1249.2,0.2731
23.08,37.83,0.8046,950.9,0.8,707.9,0.4004
455.39,39.87,0.5062,1580.7,0.35,3316.5,0.1544
22.37,1.47,0.0417,2582.6,0.5,4787.5,0.7079
179.53,5.14,0.5223,315.6,0.45,1310.8,0.2242
324.88,6.53,0.3561,2839.7,0.6,4701.6,0.3843
314.78,10.78,0.5331,1972.2,0.2,2822.6,0.2662
323.89,20.46,0.064,2482.5,0.2,4962.3,0.279
301.8,3.1,0.0246,419.0,0.6,339.1,0.3767
320.09,14.51,0.2335,892.4,0.5,1375.5,0.3492
111.11,38.07,0.6827,458.2,0.45,2948.2,0.157
403.4,3.82,0.2489,1759.3,0.45,2762.2,0.2724
85.37,37.86,0.2896,1101.0,0.6,2389.5,0.1958
63.79,0.38,0.4136,550.9,0.7,721.9,0.4242
459.22,25.57,0.2702,2354.8,0.6,3536.9,0.2528
91.55,39.45,0.6985,1556.5,0.45,4763.6,0.1031
461.91,9.15,0.5356,352.1,0.45,2038.5,0.2107
156.37,3.61,-0.0205,2216.9,0.35,833.9,0.4474
277.08,19.71,0.7744,2890.3,0.6,3388.4,0.2642
466.22,5.46,0.3978,2086.9,0.35,2033.3,0.246
372.96,28.57,0.6026,2274.0,0.5,4971.2,0.129
330.59,36.82,0.8992,2840.3,0.55,3040.8,0.2222
440.97,20.94,0.1251,317.9,0.7,2573.3,0.2333
476.24,16.91,0.2791,1182.5,0.35,1696.4,0.2033
425.39,34.31,0.1901,1501.1,0.45,1073.2,0.1384
369.01,22.75,0.1175,984.0,0.55,4677.7,0.3036
28.75,0.24,0.3604,965.2,0.35,35.7,0.6277
445.1,7.45,0.2545,393.9,0.8,995.7,0.2205
205.36,36.52,-0.0931,2331.4,0.45,1138.2,0.2527
197.68,11.97,0.3283,628.3,0.45,552.4,0.1702
80.92,14.15,0.334,1141.8,0.5,562.2,0.36
142.45,5.35,0.3211,1060.5,0.55,810.0,0.3169
332.62,10.63,0.3211,1695.4,0.7,1631.2,0.3599
382.2,35.27,0.4019,2778.3,0.6,665.8,0.3093
63.06,13.76,-0.0864,2084.9,0.55,3394.8,0.4787
171.07,39.06,0.6374,1359.6,0.45,1418.3,0.1705
308.81,29.17,0.0869,915.3,0.35,4322.2,0.2137
497.13,9.89,0.7206,675.4,0.35,3508.7,0.1592
496.28,23.65,0.5345,765.2,0.7,2012.4,0.1818
136.93,7.69,0.0462,151.2,0.5,463.8,0.3507
153.22,25.33,0.1314,1074.9,0.8,316.1,0.3063
213.54,2.07,0.0101,1154.4,0.2,3560.8,0.336
90.88,0.02,0.5604,1032.8,0.45,2365.6,0.4036
454.24,4.03,0.0848,2850.2,0.2,1678.1,0.4266
341.48,30.82,0.0303,1145.6,0.2,3717.2,0.2296
294.46,24.19,0.1383,900.2,0.6,445.3,0.2895
300.92,1.64,0.8683,2663.7,0.5,972.7,0.333
222.88,3.95,0.8418,1895.1,0.45,3629.5,0.2816
360.38,1.75,0.0917,1696.4,0.45,4459.0,0.3686
379.68,33.84,0.4603,1107.3,0.2,2247.9,0.1073
33.85,16.76,0.8313,1561.2,0.55,843.0,0.3674
137.07,38.7,0.1897,2871.8,0.55,3974.0,0.2487
198.75,27.39,0.7703,2917.5,0.7,2194.3,0.1526
254.64,22.5,0.2902,1860.9,0.5,928.5,0.2634
348.36,35.17,0.6906,1420.8,0.45,1524.0,0.1519
110.17,28.33,0.4522,596.2,0.55,2672.5,0.1345
471.02,11.11,0.033,2632.8,0.55,3215.6,0.435
124.5,32.94,0.4346,104.1,0.2,3167.1,0.1397
473.21,35.36,0.164,487.5,0.45,1629.9,0.1642
28.63,32.64,0.7239,735.9,0.45,891.9,0.4302
489.38,31.13,0.6805,408.7,0.6,4728.8,0.0991
128.67,25.05,0.5043,697.9,0.8,1111.0,0.1808
403.87,30.12,0.0556,772.0,0.6,1849.5,0.265
451.08,3.75,0.0815,636.6,0.7,952.4,0.2799
323.78,0.84,0.0629,615.4,0.6,3440.0,0.3548
93.92,5.74,0.3264,1419.6,0.6,510.2,0.2799
404.0,24.13,0.2779,160.1,0.55,3819.6,0.1819
322.24,1.75,0.1483,342.4,0.7,4693.6,0.2815
4.7,31.67,0.4424,2472.9,0.35,1019.6,0.5372
240.21,22.51,0.3443,573.1,0.2,2399.8,0.1607
133.73,21.74,-0.0788,229.1,0.45,521.8,0.2863
443.23,16.61,-0.0988,750.5,0.5,2141.4,0.3121
112.94,35.16,0.2847,2664.2,0.35,2464.2,0.2755
495.38,8.98,0.8565,917.3,0.35,3082.3,0.245
459.94,35.82,0.5045,616.4,0.2,3002.1,0.1603
339.72,6.01,0.5673,974.5,0.45,1748.4,0.3196
330.87,37.32,0.7107,2162.8,0.35,3946.4,0.199
430.86,39.12,0.6778,525.1,0.7,1959.1,0.1068
239.22,2.69,0.4778,2882.8,0.45,731.9,0.2861
161.53,5.1,0.6675,1122.6,0.8,2124.9,0.2649
396.75,13.34,0.7021,1996.5,0.5,1922.1,0.1991
274.67,21.55,0.3926,1655.0,0.5,1929.3,0.193
288.94,27.74,0.6483,2139.0,0.5,1814.9,0.1592
101.64,34.02,0.2624,1474.4,0.7,4605.3,0.2541
424.38,34.67,0.719,954.6,0.7,4177.9,0.1439
275.75,37.25,0.3211,711.1,0.5,288.8,0.2688
351.98,15.1,-0.0737,2898.2,0.2,279.9,0.4624
53.0,23.26,0.3768,1822.4,0.7,160.6,0.4952
38.53,22.77,0.7137,534.2,0.7,2354.1,0.4085
70.06,21.1,0.8488,1463.5,0.2,2225.4,0.2415
55.63,2.4,0.5425,1852.1,0.7,2521.4,0.503
5.43,33.31,0.5799,2640.3,0.45,4596.6,0.509
211.84,6.27,0.8731,1612.4,0.7,3718.2,0.2514
200.2,2.24,0.2923,2485.3,0.35,4084.6,0.3254
320.95,33.09,0.0648,2429.7,0.6,981.7,0.2843
54.2,3.11,0.5032,2555.2,0.55,1205.3,0.5393
105.95,0.44,0.8097,644.5,0.5,3195.6,0.2483
16.18,10.77,0.8767,1737.9,0.8,237.9,0.594
4.24,14.27,0.1824,1254.6,0.5,1579.2,0.7526
195.32,14.23,0.0295,2056.6,0.2,2042.4,0.3057
403.75,6.01,0.4872,1208.1,0.55,1457.7,0.2618
75.77,18.52,0.7852,370.5,0.5,4423.2,0.2571
384.41,6.44,0.8637,1597.3,0.2,2242.9,0.1476
65.6,11.63,0.5235,2826.4,0.55,4454.5,0.455
104.41,24.42,-0.025,542.0,0.8,496.1,0.2212
7.47,30.65,0.2095,2615.8,0.35,2499.6,0.5849
147.8,2.73,0.4765,1124.8,0.35,904.1,0.2817
385.97,10.32,0.3733,842.5,0.8,3255.0,0.2992
284.37,1.58,0.759,1262.7,0.7,2209.7,0.2946
256.24,24.99,0.2136,342.1,0.6,2534.7,0.1965
341.28,24.82,0.5439,2249.0,0.5,3501.7,0.2957
280.4,6.18,0.0053,1189.9,0.6,4270.6,0.3696
334.58,13.96,0.3685,1651.8,0.8,554.5,0.3813
90.14,4.33,0.8595,1251.1,0.6,1005.4,0.2623
498.22,19.45,0.6023,1481.0,0.45,2278.3,0.2274
272.54,37.94,0.0455,719.1,0.55,4939.2,0.2091
404.27,31.58,0.8786,718.9,0.5,4341.4,0.0628
476.32,27.35,0.1698,1943.5,0.35,717.3,0.2281
436.89,18.06,0.3197,720.9,0.45,928.6,0.2319
26.87,35.8,0.3285,2893.8,0.45,831.0,0.5096
237.75,27.55,0.0607,2120.4,0.2,4563.9,0.2718
285.16,32.92,0.4609,2692.0,0.5,398.3,0.2116
161.87,39.45,0.839,2254.2,0.2,80.8,0.15
448.25,37.35,0.3994,1017.6,0.6,1321.4,0.1501
471.66,34.29,0.5343,1952.9,0.35,192.1,0.1071
372.85,7.51,0.5964,2345.7,0.6,1088.5,0.3133
339.81,38.2,0.2703,1155.0,0.45,4484.3,0.2059
251.04,34.71,0.5993,1981.8,0.8,2076.1,0.1546
212.92,38.96,0.2358,2786.4,0.8,2147.6,0.3463
88.45,23.8,0.4428,1206.5,0.6,3174.2,0.2211
452.94,3.97,-0.0124,2528.0,0.35,3251.6,0.3062
308.13,16.45,0.3964,2280.0,0.35,3171.3,0.1921
333.86,34.07,0.1119,2353.0,0.6,581.4,0.2658
428.17,38.02,0.2506,2401.9,0.8,2070.5,0.2952
370.58,0.3,0.2746,749.4,0.45,1345.4,0.2559
329.34,12.3,0.8027,2737.1,0.5,30.7,0.3601
13.12,31.62,0.7408,1605.0,0.2,1682.1,0.445
479.58,39.71,0.1418,2923.1,0.5,3085.2,0.2654
465.97,17.16,0.8394,1232.2,0.7,2021.6,0.1956
159.06,6.34,0.131,2159.1,0.7,2526.2,0.3375
421.52,25.09,0.1602,1703.4,0.2,1026.8,0.1671
46.63,17.5,0.5289,1820.5,0.55,3094.3,0.3513
285.9,1.01,0.6342,2951.9,0.2,940.9,0.2888
326.26,8.87,0.0938,2537.3,0.6,3854.3,0.3658
467.49,25.1,0.5384,1780.1,0.35,563.5,0.153
463.6,4.91,0.0418,859.8,0.7,473.0,0.3211
419.16,15.63,0.391,163.7,0.35,2437.7,0.1996
312.84,8.41,0.3199,2680.2,0.8,4044.7,0.3796
89.34,22.69,0.5067,191.2,0.2,4968.8,0.1784
241.96,24.56,0.4465,559.3,0.45,4633.7,0.161
11.52,20.47,0.0523,2613.9,0.35,4493.9,0.6725
14.75,5.54,-0.0166,2105.6,0.7,1345.3,0.6492
174.28,22.06,0.1943,2261.1,0.8,2185.9,0.3224
473.17,36.89,0.1501,673.8,0.45,4809.7,0.2361
293.79,6.63,0.1058,2194.0,0.6,4415.5,0.4215
211.87,29.88,0.7159,1906.4,0.6,2152.3,0.1241
316.35,2.57,0.0672,197.9,0.45,2938.5,0.3062
146.74,33.07,0.5451,2898.9,0.2,1997.6,0.2389
214.69,7.44,0.1453,724.0,0.2,1866.1,0.318
389.76,4.89,0.2186,131.6,0.2,1076.7,0.2306
116.32,2.65,0.1836,715.3,0.5,523.6,0.3033
139.02,24.32,0.7834,2593.7,0.35,2874.0,0.1429
217.6,32.54,0.0982,244.0,0.8,2498.3,0.1671
495.13,16.85,0.0241,596.3,0.2,2959.9,0.2367
8.92,31.33,0.4758,113.5,0.8,1429.0,0.5312
420.82,16.11,0.7958,2762.3,0.55,1693.6,0.2904
414.93,16.6,0.201,1019.9,0.2,2007.7,0.2322
278.23,12.53,0.5123,1240.6,0.8,2471.7,0.2146
421.54,37.51,0.0027,749.6,0.55,702.3,0.1465
496.77,34.46,0.6243,756.4,0.35,963.9,0.133
451.44,39.58,0.8341,2617.2,0.45,4417.8,0.1325
21.54,1.92,0.2043,864.8,0.6,1356.9,0.6586
230.35,5.05,0.7619,2283.8,0.6,3188.1,0.3109
334.12,20.87,0.1405,1486.0,0.8,4882.0,0.2657
112.92,10.55,0.1962,340.1,0.5,3300.8,0.3261
367.63,8.24,-0.022,2918.1,0.55,1070.3,0.389
192.53,19.51,0.2405,2460.6,0.2,3804.8,0.2254
155.91,18.16,0.054,1563.1,0.7,1101.7,0.2424
433.93,20.54,0.68,645.1,0.45,2121.2,0.2282
343.13,38.06,0.4772,396.0,0.8,4382.2,0.1575
447.05,7.48,-0.0714,2019.5,0.8,1766.3,0.3737
59.16,22.01,0.2544,715.0,0.6,2515.9,0.3705
136.29,3.91,0.5486,2222.8,0.6,977.7,0.3264
94.72,7.07,0.1759,1861.6,0.6,554.8,0.4026
55.54,4.61,0.7951,1768.2,0.5,338.6,0.4779
50.52,9.06,0.5202,2175.9,0.6,1970.5,0.5157
345.84,19.81,0.071,690.4,0.45,3532.2,0.3162
143.99,0.12,0.0851,2732.6,0.8,3698.1,0.4926
85.12,27.26,0.0666,1063.3,0.8,717.7,0.267
6.37,18.98,0.2341,614.8,0.45,4407.5,0.6264
4.87,14.09,0.3738,102.9,0.5,2368.1,0.6634
22.59,0.7,0.58,942.9,0.5,2631.1,0.5981
46.96,12.18,0.6362,1412.6,0.2,4949.1,0.4319
128.67,19.46,0.2643,139.3,0.2,1512.7,0.1588
331.97,34.61,0.7437,1504.6,0.45,3432.1,0.1654
364.11,0.83,0.8786,2583.2,0.7,1792.4,0.3689
347.9,17.23,0.1063,358.9,0.6,3197.3,0.268
482.73,35.09,0.5788,2707.7,0.8,4936.8,0.2492
455.16,13.95,0.2312,1808.5,0.45,1553.5,0.2755
20.55,20.8,0.2433,1875.9,0.6,3978.7,0.5275
173.5,4.41,-0.0917,2789.0,0.7,2336.9,0.4107
75.11,38.67,0.5238,2026.5,0.45,2439.3,0.3077
226.93,8.69,0.7255,458.0,0.8,1536.0,0.2409
215.16,26.41,-0.0994,829.2,0.2,4394.8,0.2115
479.26,22.43,0.8537,2168.3,0.7,4979.6,0.1505
98.36,23.41,-0.0193,734.7,0.8,4665.3,0.2794
193.12,15.96,0.8042,2689.8,0.45,2989.2,0.2924
86.65,17.43,0.7759,2432.7,0.7,3419.8,0.3039
277.14,12.04,-0.0144,1743.3,0.8,2733.7,0.39
187.98,35.04,0.3369,502.0,0.8,3473.7,0.1187
178.78,14.17,0.3666,2888.2,0.8,148.1,0.4186
279.45,38.3,0.3209,2292.0,0.45,3935.3,0.1847
310.44,36.0,0.7778,255.3,0.6,638.4,0.0746
335.04,18.51,0.663,1602.2,0.55,432.4,0.2058
53.52,23.77,0.7219,1739.8,0.2,4322.9,0.4444
60.72,23.38,0.4108,2179.2,0.5,2586.2,0.299
68.2,35.8,0.5397,548.8,0.45,3598.5,0.2034
468.27,32.22,0.5237,682.0,0.35,10.2,0.1955
48.43,8.17,0.3737,2514.9,0.8,1959.7,0.5576
463.02,12.0,0.3837,633.7,0.5,4210.2,0.1667
340.66,34.37,0.5172,1353.8,0.55,932.2,0.1401
409.28,26.3,0.0708,2250.8,0.5,2386.0,0.2631
479.55,19.72,0.5677,1234.4,0.35,2325.2,0.2381
406.75,5.93,0.1834,448.4,0.6,65.0,0.3711
446.61,24.8,-0.0574,2730.5,0.7,2344.9,0.3897
361.53,11.08,0.8818,1137.5,0.5,1750.7,0.177
31.38,26.24,0.2519,2185.7,0.2,2302.8,0.4546
429.33,5.6,0.685,2009.5,0.6,350.4,0.344
481.28,24.23,0.0804,2154.7,0.45,655.8,0.239
162.04,38.21,0.2481,1890.7,0.6,347.2,0.3229
115.85,26.61,0.3994,2070.0,0.2,3801.9,0.2018
490.66,32.34,0.6326,786.2,0.7,3643.5,0.0562
461.19,2.48,0.1505,208.5,0.35,2213.2,0.3717
187.16,25.25,-0.0705,604.8,0.35,3496.6,0.1267
286.89,7.99,0.1525,1368.8,0.45,1135.2,0.4004
371.08,17.36,0.4285,2391.0,0.35,2914.7,0.2186
101.77,32.4,0.7933,1142.7,0.6,2845.8,0.0736
432.25,13.63,0.5824,2877.5,0.8,958.8,0.3394
250.43,14.26,0.7998,2574.9,0.35,2200.0,0.2991
312.74,34.96,0.4692,468.9,0.45,513.6,0.1116
270.27,0.9,0.7213,940.7,0.45,1958.2,0.25
178.95,34.9,0.0579,935.4,0.5,4267.4,0.2516
199.61,2.27,0.5975,421.5,0.8,4685.3,0.2595
492.47,26.13,-0.0677,1322.1,0.5,1679.4,0.2543
273.54,29.35,0.8242,2023.7,0.55,1185.7,0.1237
36.46,37.92,0.8043,2139.0,0.55,1735.8,0.4416
369.64,37.17,0.7875,1488.4,0.7,1359.8,0.1593
20.87,1.42,0.4076,1986.0,0.6,2393.2,0.6838
113.88,37.25,-0.0736,2367.3,0.5,2675.6,0.1945
430.15,27.28,0.6379,1702.2,0.55,1941.8,0.1562
350.67,21.98,0.0156,442.2,0.2,1765.4,0.2222
171.56,36.72,0.1382,366.8,0.55,1143.4,0.1829
396.59,22.72,0.8909,143.2,0.5,4065.0,0.019
38.31,5.07,0.0806,226.8,0.2,3016.1,0.6386
64.86,15.91,0.5576,2004.1,0.35,1258.5,0.2826
271.82,19.8,0.6352,1135.2,0.5,2223.3,0.1687
275.7,34.76,0.1442,2689.6,0.2,3491.9,0.2721
251.72,2.16,0.8004,2146.0,0.8,1406.1,0.3212
487.97,9.22,0.6419,711.2,0.2,3627.3,0.2069
393.97,1.43,0.1351,1376.8,0.8,4765.7,0.4631
135.15,23.53,0.2004,2898.8,0.55,1402.7,0.3134
304.87,19.81,0.7628,1215.5,0.55,1130.0,0.1275
266.25,26.42,-0.0687,2312.7,0.55,4551.2,0.3358
377.24,13.45,0.7282,861.3,0.5,3788.7,0.1473
217.04,17.1,0.6292,2232.7,0.55,4038.9,0.3077
276.65,38.1,0.8325,933.5,0.8,2124.9,0.1093
130.05,38.41,0.3673,2978.6,0.5,668.0,0.1768
7.59,31.98,0.851,348.1,0.5,3859.0,0.4272
19.3,10.97,0.1687,826.5,0.55,630.3,0.6606
284.22,12.84,0.1645,618.5,0.8,96.2,0.3876
179.36,25.51,0.4566,1285.0,0.35,1389.5,0.171
305.16,12.56,-0.036,621.4,0.45,1305.1,0.2583
87.25,34.85,0.556,774.8,0.55,929.4,0.1845
253.36,17.61,0.2173,1704.9,0.5,313.5,0.308
128.72,27.14,0.7575,1124.7,0.55,3006.9,0.1005
174.86,3.1,0.3438,1582.0,0.5,1028.2,0.2582
340.51,2.86,0.3265,920.9,0.55,1639.4,0.2764
394.08,13.4,0.3081,1990.7,0.8,4713.0,0.3237
184.15,11.63,0.0501,1814.6,0.35,3049.1,0.3316
404.02,20.43,0.6809,1573.7,0.2,4700.3,0.1204
328.53,6.0,0.6626,1982.7,0.35,4793.5,0.3014
496.16,22.62,0.8978,1927.9,0.6,2699.4,0.2288
399.1,24.28,0.5592,1609.0,0.2,1353.2,0.2157
418.0,11.72,0.144,804.9,0.2,1162.1,0.2095
346.54,17.8,0.8576,1288.8,0.35,1766.4,0.2473
252.82,36.59,0.5533,1855.1,0.8,3933.7,0.2107
493.37,37.03,0.1449,2736.9,0.7,3031.7,0.3622
397.93,13.66,0.018,1284.7,0.7,2884.3,0.2841
449.94,35.06,-0.0845,450.3,0.45,3829.9,0.144
355.69,18.79,0.001,2621.4,0.6,129.4,0.4326
257.45,21.17,0.2881,1324.8,0.7,2017.6,0.2674
278.47,28.48,0.019,2702.5,0.2,2961.5,0.1675
22.62,29.55,0.255,1401.8,0.6,3157.9,0.4338
370.35,17.43,0.6577,2130.3,0.7,3621.3,0.1868
254.69,6.09,-0.0922,1819.8,0.8,1903.1,0.3628
219.29,20.35,0.4881,2839.8,0.35,1169.0,0.2411
258.84,21.01,0.4082,2791.3,0.45,1620.8,0.2709
159.29,7.14,0.0432,2460.6,0.5,2158.4,0.3717
157.18,13.89,0.0656,934.7,0.8,2200.2,0.3991
442.67,11.54,0.8177,2967.5,0.35,4623.3,0.2423
103.42,33.55,0.6549,179.3,0.55,4799.7,0.0877
269.91,31.96,-0.0933,2514.3,0.55,1854.0,0.2663
213.25,17.79,0.0262,1416.2,0.35,3584.1,0.374
459.59,4.8,0.7889,1530.4,0.35,4323.9,0.2987
58.23,14.15,-0.0209,2400.6,0.35,1642.3,0.5045
253.53,11.04,0.5306,1587.2,0.35,3537.0,0.2076
216.69,37.29,0.6942,1020.8,0.55,4746.4,0.2052
313.64,9.84,0.4863,2629.1,0.5,3370.0,0.3108
406.93,29.34,0.1826,675.9,0.35,4754.7,0.1907
428.58,29.98,-0.0968,295.1,0.5,3552.9,0.2594
306.69,25.24,0.1347,1111.2,0.7,4390.7,0.2628
420.35,35.0,0.568,1521.6,0.6,2993.2,0.1334
109.47,38.52,0.7968,2315.4,0.6,4847.1,0.1541
162.7,26.5,0.0158,1447.7,0.2,3306.5,0.1999
64.03,35.29,0.7401,2605.6,0.6,3439.2,0.3601
14.48,10.72,0.1151,2567.9,0.6,313.4,0.7555
158.81,15.66,0.342,1256.2,0.55,1348.9,0.2248
364.09,13.59,0.7185,994.7,0.6,1114.3,0.2392
389.78,4.41,0.8683,1871.2,0.7,3028.8,0.2376
9.96,28.89,0.7024,361.7,0.2,4562.0,0.4357
327.47,20.75,0.2621,675.5,0.7,4192.4,0.1835
197.76,28.71,0.1902,568.1,0.2,1664.2,0.1646
470.01,1.44,-0.08,2827.0,0.35,2512.5,0.4844
395.67,1.69,0.1831,170.3,0.5,178.6,0.3783
188.93,16.03,0.7183,2642.2,0.35,391.9,0.1812
252.25,28.14,0.6326,158.4,0.7,486.8,0.1032
415.74,34.37,0.6848,1332.9,0.55,1517.7,0.1146
229.45,3.99,0.8693,1771.0,0.6,1463.3,0.3476
280.5,19.33,0.8077,1646.3,0.5,1918.2,0.2357
496.58,29.1,0.8515,2311.8,0.35,2266.8,0.1263
385.6,17.88,0.3768,416.0,0.45,1668.9,0.1948
404.84,39.03,-0.0046,590.8,0.8,2971.1,0.2688
419.04,20.94,0.7397,2305.7,0.55,3839.4,0.232
126.01,12.46,0.2379,536.8,0.2,3448.1,0.1576
134.07,8.37,0.4624,1517.3,0.8,1572.0,0.2624
326.0,12.87,0.6089,1591.9,0.35,4606.9,0.2086
63.64,0.54,0.4199,452.3,0.5,2193.6,0.437
485.96,1.56,0.3242,595.1,0.8,707.9,0.3567
4.63,4.7,0.8957,2187.8,0.45,2617.2,0.6065
307.55,14.87,0.5502,510.4,0.5,4016.0,0.2304
302.26,18.88,0.1106,1057.5,0.7,829.5,0.2698
357.54,18.95,0.2177,619.8,0.8,344.6,0.3227
93.84,27.76,0.4377,1060.0,0.55,3128.6,0.1926
297.23,2.67,0.5363,2661.7,0.2,3147.8,0.3415
410.38,34.72,0.4845,986.7,0.6,4672.2,0.1428
280.56,25.66,0.1026,1818.7,0.35,3656.0,0.2382
51.16,31.88,0.4873,2321.6,0.2,2882.5,0.3958
426.7,24.19,0.8667,2238.1,0.8,1054.4,0.2276
108.22,37.18,0.5149,515.7,0.8,4374.3,0.1539
161.67,35.84,-0.0478,1583.9,0.8,2132.8,0.2399
380.0,9.63,0.2932,2344.4,0.8,1781.4,0.3676
419.32,12.68,-0.0218,1855.6,0.5,4777.2,0.4122
355.67,33.6,0.4605,1521.3,0.45,3430.0,0.1413
278.95,17.42,0.2482,173.4,0.2,4278.3,0.2005
212.04,24.68,0.7763,2769.8,0.5,1918.5,0.1644
89.5,29.91,-0.0893,1382.0,0.5,38.0,0.3636
184.43,10.15,0.8216,1859.6,0.55,3239.6,0.2519
320.84,15.93,0.8957,2142.4,0.45,3130.1,0.2699
431.59,37.1,0.8972,1933.5,0.8,877.1,0.1393
374.97,25.9,0.4456,401.3,0.2,153.9,0.211
368.1,34.84,0.0316,1316.8,0.35,289.7,0.2408
318.74,2.49,-0.0025,1677.8,0.5,3279.0,0.3818
336.0,35.99,0.7977,590.7,0.2,2586.5,0.0181
470.27,16.13,0.7377,2042.0,0.35,972.8,0.207
133.32,6.9,-0.0555,1864.7,0.6,873.1,0.3575
373.41,33.51,-0.0968,893.9,0.2,597.4,0.1114
43.05,37.21,-0.0118,2762.2,0.7,3650.5,0.5543
92.83,23.65,0.8658,2323.5,0.55,1095.5,0.1969
362.14,9.87,0.7373,1962.7,0.5,3739.6,0.2602
369.06,12.42,0.2793,932.5,0.45,710.7,0.2468
94.12,35.34,0.0771,955.3,0.8,1330.1,0.2864
244.94,23.15,0.2489,1961.3,0.8,4149.2,0.276
474.83,23.41,0.0557,1749.3,0.6,1741.1,0.262
405.45,31.85,0.1074,2129.0,0.45,462.9,0.256
233.84,1.26,0.0153,2009.2,0.7,2381.3,0.3912
233.62,12.92,0.4638,2009.1,0.55,1618.6,0.3111
450.51,6.35,0.3755,1076.3,0.35,943.7,0.293
179.0,6.51,0.4468,2280.9,0.8,4048.0,0.3012
217.48,15.97,0.7341,832.5,0.2,3008.7,0.1575
241.28,16.05,-0.0599,2794.1,0.5,3818.2,0.4002
210.49,30.96,0.854,1262.2,0.55,828.5,0.0796
83.19,12.02,0.4969,2123.1,0.5,4758.0,0.3276
331.7,31.54,-0.0462,362.2,0.7,4009.4,0.2109
229.36,6.61,-0.0992,527.7,0.7,1513.4,0.3637
101.66,3.61,0.1447,2085.7,0.2,34.7,0.451
79.66,4.0,0.4498,1242.7,0.5,4565.0,0.3366
353.11,30.52,-0.0042,472.7,0.7,2005.4,0.1542
163.56,11.33,0.5747,2630.8,0.6,2675.2,0.2683
485.11,1.08,0.7856,616.7,0.5,1852.0,0.2803
169.93,32.93,0.5106,2279.9,0.35,3231.4,0.1963
105.62,17.42,0.2396,1996.7,0.6,762.2,0.3165
155.55,27.01,0.3807,857.0,0.6,905.8,0.1434
53.22,32.25,0.2463,2224.7,0.6,4019.7,0.458
6.11,12.76,0.4747,1213.6,0.8,67.8,0.7017
211.23,2.18,0.325,2252.0,0.35,3022.1,0.2964
401.21,18.01,0.2728,1473.3,0.2,4222.4,0.2471
89.42,16.96,0.6596,2623.9,0.35,760.4,0.2751
168.56,37.37,0.4902,673.1,0.8,2180.1,0.1523
433.95,18.41,-0.0499,1838.1,0.2,1269.1,0.284
168.73,11.85,0.7192,1674.0,0.7,1473.3,0.2121
148.84,1.42,0.0117,2222.5,0.6,1250.6,0.4417
42.02,3.78,0.6268,1935.5,0.6,4464.7,0.5114
308.62,36.75,0.8036,2803.6,0.8,212.8,0.2956
163.29,1.53,0.5094,2199.0,0.35,1915.7,0.335
463.72,29.97,0.3225,164.9,0.45,3610.8,0.1448
371.34,3.17,0.8123,2899.0,0.5,2858.8,0.3635
269.58,31.75,0.5943,241.6,0.8,1083.9,0.1391
467.74,10.99,0.5889,638.6,0.55,3027.1,0.2681
136.34,16.29,-0.0813,1301.5,0.7,1381.1,0.2883
231.22,31.61,0.5349,381.7,0.5,100.2,0.1932
143.92,28.48,0.727,1805.0,0.2,2711.9,0.1337
237.8,22.31,0.243,1027.0,0.8,767.4,0.2818
266.12,6.8,0.2901,1268.5,0.35,3160.6,0.251
280.66,13.81,0.1076,2956.1,0.2,1527.1,0.3333
233.69,6.24,0.4849,1910.4,0.6,2082.8,0.2687
382.47,30.06,0.1839,2257.8,0.5,1882.7,0.2048
474.41,4.94,0.2957,712.8,0.35,2858.0,0.2653
89.31,6.36,0.6775,2229.9,0.6,2754.9,0.3217
450.23,11.16,0.6705,1927.8,0.2,2516.5,0.2432
266.25,9.0,0.304,2294.8,0.45,4132.4,0.2399
88.81,11.54,0.4327,1068.8,0.8,3284.4,0.3533
341.68,3.93,0.4802,1312.5,0.6,2057.4,0.2644
69.29,24.8,0.8989,1838.7,0.6,4728.0,0.2356
162.51,10.0,0.4693,1468.5,0.35,4759.7,0.3071
394.94,15.57,0.4113,659.8,0.7,2294.3,0.2445
361.53,9.57,0.3722,2167.1,0.5,1620.4,0.2904
103.5,18.45,0.145,1849.4,0.5,3985.8,0.3717
486.4,20.01,0.0112,1851.6,0.2,4361.7,0.2975
361.02,2.79,0.6486,2077.9,0.6,4336.6,0.2956
497.77,34.49,-0.0296,1309.6,0.45,4418.0,0.1657
303.49,39.57,0.6148,1371.7,0.55,1471.9,0.1329
199.2,32.89,0.6688,1153.8,0.8,2148.7,0.1718
131.25,33.01,0.6536,424.2,0.7,1838.7,0.1378
328.27,5.68,0.1431,1499.5,0.45,494.7,0.3264
449.6,19.66,0.1447,854.0,0.45,3449.1,0.2269
165.33,18.02,0.1579,898.4,0.55,3809.0,0.2769
110.51,14.83,0.2627,944.5,0.7,2842.5,0.3007
152.37,28.52,0.5733,547.9,0.7,741.2,0.133
318.38,1.12,0.1117,978.6,0.55,1304.5,0.3898
360.57,29.82,0.8961,1276.9,0.7,4862.3,0.0847
250.55,20.93,0.278,2785.6,0.7,4355.2,0.2733
241.03,19.36,0.2799,2039.4,0.35,1718.4,0.2474
139.16,31.12,0.6893,1985.0,0.2,2499.0,0.1526
284.7,25.55,-0.0878,2264.1,0.5,3709.5,0.2861
313.2,38.08,0.4074,887.3,0.35,4852.5,0.1472
27.99,22.67,0.148,842.6,0.7,3451.6,0.5187
344.82,18.24,-0.0598,1866.5,0.45,465.9,0.2909
95.01,33.23,-0.0363,2719.1,0.45,313.7,0.3484
290.64,18.57,0.4369,2366.1,0.2,3952.2,0.2888
36.53,19.13,0.3419,1480.5,0.35,2716.4,0.4913
284.66,23.27,0.7611,423.4,0.8,3889.2,0.1946
97.4,32.23,0.5144,1423.1,0.55,1266.2,0.1486
315.56,13.15,0.3833,922.9,0.45,1328.4,0.2562
266.1,13.65,0.5778,1558.9,0.8,566.2,0.2685
3.26,35.73,0.4095,1537.8,0.7,337.1,0.5943
216.01,12.19,0.8253,1385.3,0.7,976.0,0.2432
153.6,12.22,0.6664,1468.4,0.45,4638.5,0.241
105.15,26.88,0.2238,656.5,0.6,3931.2,0.2312
78.57,38.27,0.8812,1995.1,0.6,3901.0,0.1794
134.69,37.31,0.372,2583.1,0.45,1860.2,0.2002
414.62,12.61,0.208,1733.5,0.6,38.3,0.4679
469.99,2.21,0.3088,1972.8,0.7,4875.2,0.3724
352.17,8.34,0.6167,954.9,0.2,128.2,0.2705
213.75,15.3,0.4581,2243.1,0.5,3091.6,0.2448
37.21,6.42,0.6228,2830.3,0.8,4760.7,0.6106
473.35,31.25,0.2901,2883.2,0.8,1256.7,0.3348
29.66,2.24,0.2427,1659.9,0.8,4618.8,0.6558
55.52,5.37,0.6498,1041.2,0.6,4123.3,0.4728
287.04,22.47,0.3383,1050.7,0.45,2787.8,0.1659
408.65,27.58,0.0405,2332.7,0.2,4786.4,0.205
373.64,8.59,0.2213,760.3,0.2,1671.7,0.307
338.83,28.16,0.1554,2268.2,0.55,709.9,0.2352
403.03,31.92,0.7317,274.8,0.2,90.8,0.1092
218.6,1.28,0.4042,2415.0,0.8,1420.4,0.3821
37.78,3.69,0.4583,425.8,0.7,3995.0,0.5446
423.15,3.51,0.8225,1869.1,0.5,3762.0,0.2684
138.43,18.05,0.7805,2242.9,0.2,374.4,0.1653
323.92,13.59,0.4277,2108.5,0.6,4448.1,0.265
311.84,15.6,-0.0915,1034.9,0.7,1301.7,0.3328
111.44,26.98,0.2266,1427.5,0.5,3851.9,0.1848
440.16,34.69,0.0526,2341.7,0.5,1549.3,0.2489
50.45,21.34,0.8445,214.4,0.7,2705.0,0.369
157.67,9.2,0.1088,978.5,0.6,4955.1,0.3068
116.49,36.8,0.6723,179.2,0.8,624.3,0.1377
433.77,34.17,0.1086,242.7,0.8,2001.9,0.2108
102.82,15.22,0.7145,369.3,0.7,2538.4,0.1442
81.44,8.39,0.8407,2247.9,0.2,3750.9,0.2733
158.44,7.64,0.8852,2419.4,0.2,2395.1,0.1296
8.07,15.2,0.32,2888.5,0.35,1779.9,0.669
472.87,33.46,0.3341,2558.6,0.45,1154.5,0.2097
405.08,35.04,-0.0841,2896.3,0.2,236.4,0.2633
423.71,7.09,-0.0907,1604.0,0.7,3478.4,0.3798
401.19,34.65,0.561,1177.9,0.6,4118.0,0.1388
209.62,6.99,0.4186,539.0,0.7,1831.7,0.3365
14.99,8.16,0.3037,1182.2,0.45,3113.3,0.594
14.24,1.03,-0.0715,1464.5,0.7,4568.7,0.7837
299.25,21.01,0.0582,143.3,0.5,469.7,0.2535
494.1,4.5,0.3757,2951.8,0.8,680.7,0.3539
155.72,18.78,0.8029,471.8,0.2,4785.0,0.0713
334.22,3.86,0.3928,2510.2,0.5,637.9,0.2801
71.3,26.37,0.6432,2180.1,0.45,4435.7,0.292
52.61,9.05,0.0846,2012.2,0.2,3555.2,0.4601
258.45,39.51,0.1667,2708.6,0.2,2115.9,0.2459
330.6,23.17,0.8346,199.3,0.6,3163.1,0.1495
7.16,25.39,0.7354,789.7,0.6,1619.4,0.3984
286.04,19.35,0.2439,1923.3,0.6,2266.0,0.2958
272.94,4.71,0.1793,2328.7,0.2,1692.9,0.3971
446.26,10.21,0.707,1513.3,0.8,3319.6,0.2454
259.54,2.52,0.2654,1962.6,0.7,482.0,0.3478
487.54,33.2,0.0203,2166.8,0.7,4367.8,0.2686
492.16,3.32,0.767,1563.7,0.6,4101.9,0.311
442.81,20.44,0.0417,2073.7,0.55,1001.4,0.3079
389.97,22.52,0.4306,236.3,0.2,2701.9,0.094
346.85,39.89,0.0668,560.4,0.7,3178.2,0.2305
465.32,28.64,0.4408,2869.9,0.6,4292.9,0.2233
139.21,38.36,0.8489,959.8,0.6,4469.8,0.0799
469.07,0.01,0.1513,1711.7,0.45,1051.7,0.375
366.73,23.76,-0.0332,2290.0,0.7,727.5,0.3527
403.49,38.04,0.1425,2380.3,0.6,1961.1,0.2027
96.69,33.37,-0.0295,2893.7,0.45,710.8,0.2516
292.96,26.89,0.1058,513.0,0.45,3805.3,0.2325
5.38,4.69,0.2112,397.6,0.8,1168.6,0.6345
270.63,24.4,0.0537,2652.7,0.2,4377.4,0.3042
474.74,1.64,0.738,840.8,0.8,2135.3,0.3056
432.75,19.49,0.1911,1616.2,0.35,4988.1,0.3084
301.66,23.96,0.2625,2621.1,0.8,4185.2,0.3464
319.03,34.61,0.1802,2199.8,0.45,4524.6,0.2264
320.13,13.15,0.567,828.6,0.2,424.6,0.2557
121.37,19.8,0.4911,2030.3,0.35,4986.5,0.2665
413.13,19.51,0.5066,1740.3,0.6,220.1,0.3515
321.34,3.94,-0.0051,2903.5,0.5,1809.9,0.4743
336.3,36.15,0.3218,1241.9,0.55,1743.0,0.205
286.67,20.91,0.8402,2458.2,0.6,3348.7,0.1318
12.82,22.68,-0.0759,2843.3,0.35,1468.5,0.6559
228.31,35.64,0.2586,2080.7,0.2,4868.2,0.1995
124.35,17.84,-0.0522,1428.8,0.45,3845.4,0.3202
431.74,25.93,0.6407,2284.6,0.7,4225.2,0.2589
428.32,13.35,0.5164,2245.6,0.5,1589.5,0.2451
45.22,16.24,0.5218,1954.5,0.6,1018.7,0.5611
427.99,19.42,0.237,1369.5,0.2,3776.3,0.2563
55.74,23.27,0.8088,2130.7,0.45,3786.3,0.3406
269.13,15.92,0.5956,676.0,0.35,3561.2,0.2238
426.1,5.83,0.2402,1126.0,0.7,4607.1,0.2997
51.81,38.24,0.7146,2673.6,0.45,3071.0,0.4023
112.41,33.05,0.1459,549.5,0.45,141.5,0.2403
112.23,27.8,0.119,2637.9,0.8,3243.0,0.31
121.84,0.83,0.5122,2530.0,0.6,2786.0,0.3664
499.19,7.69,0.0861,1603.9,0.6,3140.0,0.4379
373.4,28.27,0.8819,2429.9,0.45,2162.3,0.0769
182.26,37.02,0.1347,1667.1,0.35,4790.9,0.2641
493.13,9.88,0.4383,473.4,0.8,2681.4,0.3242
52.4,33.05,0.1278,1110.2,0.5,2331.8,0.3838
309.4,19.89,0.3362,2864.2,0.7,120.4,0.3847
224.23,26.01,0.7958,1482.2,0.7,328.2,0.1335
138.05,10.08,0.7965,180.0,0.8,2159.8,0.289
382.18,5.33,0.2962,2019.2,0.45,2696.6,0.3183
284.93,35.04,0.8463,518.3,0.2,4315.0,0.0119
485.44,2.12,0.6545,1803.6,0.35,3073.1,0.2147
366.28,9.95,0.5015,2300.6,0.7,4180.3,0.305
14.74,37.15,0.6287,1062.2,0.35,4731.3,0.367
193.73,16.3,0.5964,501.7,0.2,923.1,0.1053
155.6,7.1,0.3304,830.8,0.35,931.0,0.2398
492.82,25.32,0.2397,2280.3,0.45,111.8,0.3479
303.08,39.28,-0.0409,1182.1,0.7,18.6,0.3499
163.43,12.25,0.7,1747.4,0.2,4298.2,0.203
477.86,7.54,0.5209,627.2,0.5,4879.1,0.289
77.34,14.97,0.0769,1378.0,0.7,2541.6,0.4441
407.18,17.8,0.5221,2812.3,0.35,4038.0,0.2476
174.53,7.22,0.4185,2710.7,0.8,973.9,0.4003
77.63,24.53,0.2374,1418.5,0.6,3922.5,0.3838
32.73,9.85,0.0414,2885.1,0.8,949.8,0.6685
202.14,14.33,0.8166,2771.3,0.35,4240.4,0.2808
455.93,22.52,0.6022,1612.9,0.5,1420.0,0.2231
67.74,30.54,0.193,1916.4,0.6,2181.3,0.3744
52.16,22.45,0.5097,987.1,0.45,3856.5,0.3715
349.45,21.1,-0.0584,2845.7,0.45,4461.5,0.3326
86.68,12.55,-0.052,181.1,0.45,1930.7,0.2835
175.88,21.51,0.7237,2084.1,0.6,3695.3,0.1825
185.41,27.97,0.8107,386.1,0.7,4462.9,0.1048
356.21,2.92,0.1036,699.5,0.55,235.7,0.3225
58.17,11.62,0.8044,2012.8,0.2,4922.2,0.4273
493.54,33.06,0.2718,2529.6,0.55,788.1,0.2
129.09,36.89,0.5804,2159.5,0.45,1032.3,0.1419
439.34,29.47,0.1726,2101.8,0.6,4119.5,0.1957
94.75,31.17,0.1534,130.2,0.6,218.6,0.3179
383.56,5.16,0.5895,304.5,0.35,585.2,0.2586
91.68,13.1,0.8435,843.8,0.6,1431.2,0.1883
143.22,34.22,0.1615,2306.9,0.6,4116.2,0.3311
277.37,19.92,0.0271,2987.1,0.8,2399.3,0.3106
55.7,1.52,0.2881,342.5,0.35,1216.3,0.4292
71.38,23.88,-0.0589,2807.5,0.5,3845.1,0.4089
362.46,1.75,-0.0858,542.9,0.45,4610.0,0.3222
322.07,15.65,0.0531,946.2,0.35,1133.9,0.2883
313.61,13.44,0.6212,173.4,0.8,356.2,0.2497
278.43,5.73,0.8642,264.5,0.35,2055.5,0.2257
267.14,24.74,0.0699,2805.1,0.2,201.8,0.3871
2.95,0.14,-0.0416,1223.8,0.35,4286.4,0.7162
381.09,1.41,0.4456,157.4,0.8,4686.7,0.2861
308.02,17.99,0.6481,2080.4,0.45,1732.3,0.1953
493.99,18.2,0.8194,544.1,0.2,1127.0,0.093
481.52,15.54,0.1572,564.9,0.55,2164.4,0.3194
149.93,1.7,0.3104,2651.4,0.5,4937.6,0.4207
104.05,16.23,0.7836,1435.7,0.8,2225.0,0.2584
194.22,14.54,0.226,1256.8,0.5,1237.6,0.2616
474.0,29.17,0.6841,1153.9,0.8,2745.5,0.1072
381.99,16.33,0.544,719.2,0.7,2356.5,0.1732
452.34,38.23,0.7701,1295.1,0.5,1093.7,0.1046
275.85,6.27,0.2843,1600.8,0.7,4716.6,0.3669
283.7,6.89,0.8836,2073.8,0.7,3209.8,0.27
287.53,32.03,0.0507,1017.8,0.5,4341.5,0.2762
158.11,37.32,0.5123,2232.4,0.55,3384.2,0.2651
393.48,3.43,-0.0913,2600.5,0.55,1664.2,0.5001
178.35,29.74,0.858,991.9,0.35,1821.1,0.1269
454.62,23.34,0.7283,1477.8,0.7,1455.8,0.2245
450.41,6.08,0.3152,1643.7,0.6,799.8,0.3587
276.16,18.78,0.8833,2100.9,0.5,4880.9,0.176
222.45,30.23,0.0356,1204.8,0.6,2389.6,0.2135
383.57,23.45,0.8878,1150.9,0.8,2928.6,0.1908
485.15,37.86,0.4668,2668.3,0.35,4433.6,0.2788
34.44,5.4,0.2001,1241.5,0.7,563.7,0.6982
98.57,25.37,0.1923,2399.1,0.35,1780.0,0.2206
491.79,19.79,0.5219,1811.9,0.7,1832.4,0.2444
491.02,36.17,-0.0766,1023.8,0.7,269.5,0.3351
119.4,12.27,0.3489,1355.6,0.55,1371.5,0.334
329.71,13.32,-0.0686,2628.9,0.55,3675.9,0.3718
9.61,15.23,0.8045,1202.0,0.55,3479.5,0.5429
183.4,20.5,0.8937,1331.1,0.2,670.4,0.1552
173.12,10.46,0.0929,916.8,0.35,4567.7,0.3001
333.11,12.74,0.4088,429.2,0.7,4033.1,0.2367
53.52,2.98,0.2734,546.6,0.5,3896.6,0.4855
6.72,32.28,0.7702,1890.6,0.7,2917.9,0.529
482.82,38.76,0.531,1059.6,0.35,3066.7,0.1482
459.0,37.06,0.0856,2182.9,0.35,29.2,0.3412
395.8,9.32,-0.05,330.3,0.2,3131.0,0.2994
354.12,19.81,0.6063,1460.7,0.55,2218.2,0.2725
253.79,3.18,0.8742,863.5,0.5,3502.8,0.2129
93.52,12.86,0.892,571.0,0.45,3011.8,0.1605
253.33,11.42,0.3265,2491.0,0.5,2657.4,0.2645
125.83,30.17,-0.0353,282.1,0.2,4514.4,0.0832
30.2,30.23,0.3301,2054.7,0.8,69.9,0.6073
294.07,36.65,0.2615,2075.1,0.35,2850.3,0.1916
363.57,12.76,0.2581,2451.8,0.2,2503.5,0.2985
499.55,7.61,0.4872,223.8,0.2,2054.6,0.1743
439.99,12.97,0.6963,2841.1,0.6,2323.5,0.3197
71.04,30.02,0.3196,171.0,0.7,3943.4,0.2619
190.73,34.81,0.0494,1160.6,0.6,3959.0,0.216
296.47,7.36,-0.0052,1234.7,0.7,1361.7,0.3417
98.88,19.89,0.0583,2506.4,0.45,1146.4,0.2576
216.43,37.89,0.0598,2910.4,0.55,1773.3,0.2979
53.01,38.12,0.606,1862.7,0.7,1183.4,0.4392
208.17,0.52,0.208,559.9,0.45,3423.4,0.2884
214.5,4.87,0.0294,917.5,0.2,4037.6,0.3332
485.22,2.52,0.3471,1309.3,0.5,4723.4,0.2887
344.14,36.41,0.8026,1938.2,0.8,3936.2,0.1178
165.53,7.78,0.0271,1033.3,0.5,3543.4,0.3106
304.69,32.53,0.1491,1733.6,0.55,1574.2,0.2608
74.18,12.87,0.4292,1441.8,0.45,344.0,0.3616
194.79,7.73,0.6699,2164.5,0.2,4240.4,0.2755
316.53,13.09,0.7248,1499.4,0.7,3920.6,0.2467
478.33,19.39,0.2142,2661.3,0.5,4122.4,0.2461
298.79,4.81,0.6334,2232.9,0.5,2622.3,0.2204
252.06,9.93,0.276,2131.9,0.55,1497.9,0.3387
14.41,25.76,0.3214,1169.0,0.7,2239.0,0.5943
191.01,6.28,0.3441,1010.9,0.45,2285.2,0.3
142.38,23.46,0.2228,149.2,0.55,4340.0,0.256
276.29,14.75,0.2153,2189.5,0.55,3148.2,0.2922
163.31,33.44,-0.0655,920.4,0.55,4417.5,0.1899
27.93,28.69,0.0319,285.2,0.35,708.2,0.4942
356.93,3.67,0.2603,1135.5,0.35,2069.1,0.3173
375.43,19.7,0.4451,1621.6,0.6,3476.0,0.2231
103.63,6.36,0.6628,2619.1,0.5,1203.9,0.2984
322.38,22.31,-0.0475,2544.4,0.5,2398.7,0.3853
474.98,38.18,0.0377,1026.4,0.6,3782.3,0.2431
335.13,0.77,0.6655,1527.5,0.6,2754.7,0.3491
104.42,23.31,-0.0928,2135.3,0.2,2550.7,0.2822
414.52,15.89,0.0523,121.3,0.45,1335.6,0.2298
417.41,30.17,0.1563,667.7,0.45,1969.2,0.2064
325.23,18.07,0.3455,2906.4,0.6,1030.9,0.3442
53.36,37.32,0.1056,2303.3,0.45,4166.3,0.4636
337.1,35.47,0.7179,1146.7,0.55,3242.7,0.1338
421.78,8.67,-0.0762,135.8,0.7,4303.2,0.41
103.18,37.87,0.2886,1049.3,0.6,3013.0,0.2123
280.41,11.41,0.8868,2586.3,0.5,397.6,0.3039
53.63,0.01,-0.0688,245.1,0.55,4734.5,0.5712
190.71,22.72,0.0595,255.3,0.5,3232.4,0.213
485.47,29.67,0.2728,911.9,0.55,1494.4,0.2019
70.92,18.28,0.8322,2951.5,0.5,610.4,0.3526
318.35,38.1,0.6928,2652.8,0.8,881.2,0.261
227.62,35.46,0.5949,892.1,0.55,3517.4,0.1732
239.86,29.26,0.0533,289.0,0.6,159.2,0.1985
206.21,38.92,0.4768,227.7,0.35,4797.6,0.1147
438.19,28.4,0.6189,687.8,0.45,131.8,0.1802
117.41,17.92,-0.0981,1985.5,0.6,2799.1,0.4102
351.47,31.68,0.6156,2253.3,0.45,1826.5,0.1368
236.24,6.56,0.5586,1176.7,0.7,1610.3,0.255
319.66,16.28,0.4802,1179.1,0.2,3838.9,0.2296
444.71,27.03,0.3078,2888.0,0.35,3014.7,0.297
442.39,13.31,0.2587,1453.0,0.7,4449.8,0.2532
491.36,5.8,0.2416,1934.8,0.7,4257.0,0.4367
286.85,39.09,0.6923,2491.6,0.6,417.9,0.1852
250.69,1.68,0.0038,111.7,0.7,3701.2,0.3705
342.01,31.51,0.3892,1043.9,0.2,2746.8,0.0872
196.4,23.08,0.6498,2094.6,0.35,1136.8,0.2218
321.95,6.23,0.5939,2284.6,0.55,4467.0,0.3766
247.6,36.63,0.5949,989.0,0.6,1521.3,0.1266
104.62,25.53,0.8516,653.9,0.55,165.2,0.1913
388.03,2.85,0.1534,2857.9,0.6,4724.9,0.4347
330.79,0.42,0.4976,1095.2,0.2,1050.2,0.219
239.22,24.59,-0.0581,1524.9,0.55,2505.0,0.2962
175.75,10.23,0.3736,2413.7,0.35,2119.3,0.2339
474.56,27.39,0.8946,1201.9,0.8,3797.7,0.094
43.41,10.09,-0.008,811.6,0.35,2278.9,0.5232
492.0,1.37,0.2098,2353.8,0.8,1090.6,0.3861
205.3,0.41,0.0284,2601.9,0.55,4678.3,0.3884
231.59,27.89,0.2882,2782.4,0.55,1273.5,0.2798
58.83,20.67,0.0739,1410.0,0.7,208.7,0.4809
343.4,38.74,-0.0232,1498.2,0.5,38.4,0.3072
387.87,32.27,0.8054,2340.1,0.55,1518.4,0.1711
291.78,19.73,0.6138,2444.4,0.35,516.7,0.3011
69.6,29.61,0.8467,1732.0,0.8,2485.8,0.2875
354.2,35.91,0.2683,1676.1,0.6,2373.6,0.176
139.45,22.29,0.3223,289.0,0.45,4390.1,0.162
253.56,9.73,0.8279,498.8,0.55,818.4,0.1432
285.21,26.59,0.3461,2989.9,0.2,2791.3,0.1294
328.13,23.28,0.0158,215.3,0.5,745.5,0.2459
66.61,28.06,-0.0888,274.0,0.55,572.6,0.3215
4.43,35.22,0.0371,2770.1,0.8,4008.1,0.6517
94.33,18.99,0.3787,387.2,0.6,2769.6,0.1757
35.46,26.68,0.7578,521.7,0.35,2393.7,0.2903
494.93,2.9,0.0647,1918.1,0.6,4200.5,0.374
131.23,2.39,0.3319,2624.9,0.6,148.0,0.4755
335.83,37.23,0.2908,1858.7,0.5,3745.6,0.2492
395.23,35.55,0.546,2290.7,0.7,1214.3,0.2494
260.63,19.89,-0.0249,1839.5,0.6,341.0,0.4186
72.78,25.66,0.2695,1240.5,0.8,3254.3,0.3926
493.34,13.66,0.7363,1855.4,0.45,4278.3,0.175
378.71,33.58,0.4896,1724.5,0.7,2351.9,0.2042
45.49,19.59,0.2424,1599.3,0.35,1265.4,0.4591
144.47,20.54,0.2131,2726.9,0.5,2834.4,0.336
174.26,12.25,0.7257,1601.2,0.6,1399.8,0.1853
94.18,24.52,0.6869,2426.5,0.45,957.9,0.1854
342.99,28.5,0.4529,692.9,0.8,2912.9,0.207
438.07,25.54,0.1057,2390.8,0.2,923.6,0.309
323.74,19.88,0.1456,1504.6,0.45,4663.1,0.2286
127.36,2.88,0.0244,1192.0,0.6,26.3,0.4736
94.46,37.36,0.8278,1418.8,0.45,2560.5,0.1021
490.79,25.12,0.3896,413.4,0.6,1940.6,0.191
59.72,7.24,0.2613,2423.8,0.55,214.8,0.5919
267.61,5.1,-0.0041,2254.8,0.6,1032.4,0.4129
445.66,22.66,-0.0901,1079.1,0.45,1428.1,0.2565
301.83,30.07,0.8279,1125.3,0.5,767.0,0.129
276.86,12.67,0.1199,2436.6,0.6,1023.7,0.2821
45.59,29.62,0.8787,882.2,0.8,631.6,0.2667
123.1,16.26,0.142,1867.9,0.7,4589.0,0.3215
335.58,17.41,0.7609,2563.8,0.8,1074.8,0.2645
50.18,3.28,0.6124,1383.3,0.6,4254.4,0.4864
382.53,8.21,0.5733,1366.3,0.2,1617.2,0.219
249.52,24.63,0.7382,1859.0,0.2,731.1,0.2079
341.64,6.74,0.304,732.0,0.2,2031.5,0.2856
124.38,11.63,0.1309,1841.3,0.8,4803.7,0.3359
322.74,2.59,0.6131,163.5,0.2,1804.0,0.1677
10.25,17.45,0.3453,1330.0,0.6,1282.1,0.6183
498.55,19.14,0.0685,2575.6,0.5,4231.1,0.3649
489.58,14.58,0.6607,360.9,0.7,471.0,0.1995
39.63,37.28,0.3531,950.1,0.6,1399.8,0.4045
457.98,9.16,0.2116,1609.5,0.5,4360.3,0.279
391.55,34.87,0.7668,2249.2,0.45,2744.2,0.114
471.01,35.8,0.1362,2442.4,0.5,3017.1,0.3182
134.52,31.33,0.434,2359.3,0.2,3618.8,0.2113
76.36,37.29,0.1456,125.4,0.7,3834.1,0.2846
252.25,2.27,0.0349,240.2,0.7,4234.2,0.3527
120.96,24.36,0.2672,2371.2,0.8,1236.5,0.3017
124.11,25.61,0.6545,294.5,0.6,688.2,0.151
143.6,21.16,0.39,2287.3,0.6,4445.1,0.2107
259.83,31.46,0.4775,2529.1,0.6,3760.6,0.2316
261.74,16.31,0.4032,1549.2,0.55,1042.4,0.224
149.22,24.18,0.3124,1190.2,0.2,129.1,0.2316
243.61,30.01,0.1156,2347.7,0.7,2255.2,0.2197
69.92,31.75,0.2964,512.7,0.5,4519.3,0.2401
126.46,15.97,0.6129,1177.5,0.5,2321.9,0.1941
473.86,35.88,0.8227,956.7,0.55,1759.3,0.1064
454.7,35.48,0.7721,326.6,0.45,1780.3,0.0338
466.99,34.75,0.3795,1122.2,0.5,1558.6,0.1644
253.36,0.44,0.0013,2258.6,0.45,308.8,0.3948
185.63,17.93,0.234,1877.5,0.2,3112.6,0.247
142.46,2.04,0.417,457.6,0.8,3794.9,0.2634
333.16,21.92,0.6489,1567.2,0.7,4665.4,0.2253
188.96,26.42,0.3399,2195.4,0.45,728.3,0.2317
308.44,11.03,0.1202,227.6,0.55,4768.3,0.2554
97.25,22.77,0.3176,2495.2,0.7,2140.3,0.1884
105.31,39.64,0.0634,208.6,0.8,3937.2,0.1698
109.55,36.61,0.0656,2050.6,0.35,409.0,0.1724
308.4,39.18,0.7506,2871.4,0.45,2889.4,0.1988
273.96,36.05,0.6421,1931.4,0.2,2638.3,0.0934
294.89,27.3,0.7062,2357.1,0.5,1138.7,0.1158
11.11,19.34,0.2282,1575.6,0.8,4864.1,0.6606
295.85,32.07,0.1576,2489.8,0.5,4224.0,0.2552
109.48,38.25,0.3643,544.4,0.35,3489.9,0.0909
199.93,22.66,0.1991,803.2,0.8,4743.0,0.2474
331.44,31.0,0.8261,265.0,0.6,4077.2,0.1118
15.3,37.5,0.0182,783.5,0.8,4639.9,0.6147
198.17,8.56,0.3301,781.8,0.5,3056.8,0.281
163.57,15.07,-0.0171,338.1,0.55,758.7,0.2999
214.27,35.86,0.8344,2401.4,0.7,4959.3,0.1959
66.74,39.35,0.2668,2088.4,0.2,3333.6,0.3269
43.76,6.61,0.2098,389.9,0.35,4941.0,0.4396
96.12,6.8,0.2909,2981.1,0.35,1344.0,0.3233
145.71,33.47,-0.0283,1876.9,0.7,334.1,0.2839
321.73,28.0,-0.0039,1858.8,0.45,169.8,0.3062
426.08,26.6,0.5949,2449.8,0.2,4759.0,0.1555
407.32,16.72,0.8305,2403.3,0.45,3334.6,0.2676
105.27,18.45,0.6032,206.7,0.55,2942.5,0.1864
224.46,5.97,-0.0266,2334.1,0.2,2900.6,0.3764
359.32,17.41,0.0226,1968.5,0.45,4687.8,0.3246
16.92,6.26,0.0915,291.6,0.55,4207.2,0.6861
401.81,15.58,0.7125,1444.2,0.6,3920.8,0.2414
407.89,29.81,0.6074,2009.4,0.7,47.1,0.2476
391.6,38.17,0.3158,1512.0,0.2,749.4,0.1852
301.96,38.28,0.8073,2190.3,0.6,201.9,0.1964
4.61,14.43,0.243,1883.1,0.2,23.7,0.6694
250.54,8.44,0.2325,2010.1,0.45,2659.0,0.3364
