lat,lon,zoom,dominant_class,vegetation_pct,bare_land_pct,water_pct,urban_pct,agriculture_pct,forest_pct
-17.595269,-71.91662,18,urban,0.1823,0.0072,0.2374,0.355,0.1057,0.1124
-22.378374,-18.546937,18,urban,0.0894,0.1415,0.0545,0.6084,0.0168,0.0894
-30.371696,15.206917,18,vegetation,0.5878,0.1604,0.0169,0.2296,0.0027,0.0026
-13.530896,-120.485283,18,urban,0.3909,0.0265,0.0009,0.5333,0.0194,0.029
33.731959,119.321333,18,agriculture,0.0922,0.1069,0.0397,0.1075,0.5767,0.077
-4.66374,-75.529228,18,vegetation,0.3575,0.0642,0.0621,0.0272,0.2903,0.1988
8.216925,-106.369721,18,forest,0.0672,0.0054,0.025,0.2054,0.0999,0.597
-59.470218,-135.932989,18,vegetation,0.5457,0.0532,0.0482,0.1488,0.1436,0.0604
-50.678516,-10.83457,18,vegetation,0.3698,0.2759,0.0072,0.0279,0.2199,0.0994
11.14988,175.51379,18,urban,0.0268,0.2489,0.0711,0.5455,0.0506,0.057
-41.269741,169.24442,18,vegetation,0.4619,0.018,0.2176,0.0353,0.134,0.1332
-37.716045,64.647199,18,agriculture,0.0075,0.0564,0.1887,0.053,0.4232,0.2712
44.629636,-118.890834,18,urban,0.1656,0.0176,0.2436,0.5153,0.0234,0.0345
-52.302678,152.434295,18,vegetation,0.5517,0.0425,0.1432,0.1272,0.1121,0.0233
29.412076,-66.112195,18,agriculture,0.0933,0.0645,0.0751,0.1909,0.4747,0.1015
21.350738,161.688459,18,urban,0.1499,0.1538,0.0304,0.5361,0.1219,0.0078
53.776883,26.440189,18,bare_land,0.042,0.5975,0.1051,0.1815,0.0439,0.03
38.272151,-66.717244,18,vegetation,0.5167,0.036,0.0762,0.0084,0.2972,0.0654
-4.806357,-76.734299,18,forest,0.0177,0.158,0.1396,0.0429,0.1188,0.5231
41.570486,11.540735,18,urban,0.0311,0.0651,0.1353,0.5406,0.0362,0.1916
-28.898774,-63.500065,18,bare_land,0.1462,0.4121,0.1056,0.0332,0.0143,0.2886
15.072625,88.75948,18,agriculture,0.2995,0.057,0.0463,0.0397,0.4819,0.0756
-30.694818,44.520475,18,vegetation,0.3984,0.1906,0.0134,0.068,0.1908,0.1388
45.675762,-58.592387,18,vegetation,0.6486,0.1414,0.0467,0.036,0.1056,0.0216
-59.093249,50.341035,18,bare_land,0.1454,0.6865,0.0862,0.053,0.0274,0.0015
-14.695672,59.433319,18,urban,0.2855,0.0113,0.0239,0.5851,0.0566,0.0376
-14.659967,156.78898,18,urban,0.235,0.2178,0.0828,0.4378,0.0253,0.0013
15.911438,-171.149235,18,urban,0.1271,0.075,0.053,0.5448,0.0415,0.1587
44.431313,-113.248499,18,urban,0.0757,0.0409,0.2598,0.3836,0.2343,0.0056
-38.537628,25.888064,18,vegetation,0.3816,0.4339,0.0572,0.0859,0.0185,0.0229
-43.260249,91.320427,18,agriculture,0.0643,0.0191,0.1815,0.0315,0.6535,0.0501
9.571862,132.314915,18,vegetation,0.669,0.0921,0.021,0.0062,0.1598,0.0519
13.549937,-65.412867,18,urban,0.0174,0.0117,0.2308,0.6607,0.0511,0.0284
-32.130911,-35.158655,18,agriculture,0.1105,0.1391,0.0428,0.2372,0.4211,0.0493
20.128551,133.588269,18,bare_land,0.2062,0.4579,0.036,0.0541,0.1446,0.1012
-6.836539,-26.412362,18,forest,0.0389,0.0233,0.0922,0.1568,0.1098,0.579
2.941086,-117.857131,18,forest,0.0971,0.002,0.0052,0.1035,0.1246,0.6675
-13.607835,66.680107,18,urban,0.0073,0.0541,0.0018,0.6384,0.2778,0.0206
-16.619927,-21.829614,18,urban,0.1276,0.0782,0.0812,0.5593,0.0987,0.055
-34.38379,-104.638614,18,vegetation,0.4208,0.0095,0.0502,0.1647,0.0965,0.2582
-41.076314,-38.112648,18,agriculture,0.0067,0.1838,0.139,0.1145,0.53,0.026
13.039811,5.604003,18,agriculture,0.0304,0.0036,0.0718,0.1452,0.624,0.125
36.84173,-93.76478,18,urban,0.0382,0.0538,0.1815,0.5976,0.0719,0.057
25.599554,68.282503,18,agriculture,0.2183,0.1705,0.1024,0.0069,0.4942,0.0077
2.899381,-49.380072,18,forest,0.0014,0.1561,0.0888,0.0988,0.1978,0.4571
49.654571,127.273159,18,vegetation,0.4033,0.0621,0.1479,0.2457,0.0783,0.0626
-59.78006,-67.608454,18,vegetation,0.3779,0.0272,0.2108,0.0199,0.3532,0.0109
19.178922,-158.351692,18,agriculture,0.1002,0.0494,0.0504,0.0156,0.6619,0.1227
13.497981,-59.219835,18,urban,0.2246,0.0341,0.0619,0.6403,0.0064,0.0327
-43.908287,-67.585114,18,agriculture,0.09,0.0402,0.0404,0.0252,0.6875,0.1167
58.410146,134.510537,18,bare_land,0.0269,0.6469,0.0252,0.0712,0.1856,0.0442
49.341025,-81.42999,18,agriculture,0.1314,0.0855,0.0645,0.0396,0.621,0.0579
-58.321701,-152.544756,18,bare_land,0.0065,0.5748,0.0664,0.1244,0.022,0.2059
-57.122614,-92.202162,18,bare_land,0.1316,0.6967,0.0622,0.0335,0.0278,0.0484
-48.685689,14.719779,18,agriculture,0.0261,0.136,0.0511,0.0387,0.6755,0.0726
-5.390206,93.728306,18,forest,0.0957,0.3586,0.0314,0.0296,0.0453,0.4394
23.400036,-74.625554,18,urban,0.0034,0.295,0.0963,0.4122,0.0656,0.1275
5.864908,-51.646351,18,vegetation,0.3666,0.0701,0.1543,0.1471,0.2615,0.0004
-7.14151,-38.708633,18,vegetation,0.3921,0.2031,0.0504,0.0079,0.2342,0.1123
-54.541561,-62.060483,18,bare_land,0.1101,0.517,0.0244,0.2096,0.0993,0.0396
-52.39736,139.464402,18,vegetation,0.4335,0.14,0.067,0.2181,0.1211,0.0203
29.024292,-119.380855,18,agriculture,0.1013,0.0041,0.2413,0.0113,0.5601,0.0818
55.233937,-73.552388,18,bare_land,0.1237,0.5186,0.0655,0.0957,0.002,0.1944
-41.476818,83.283216,18,vegetation,0.6081,0.0075,0.0028,0.0778,0.0729,0.2309
-29.44078,-145.429624,18,urban,0.0648,0.0596,0.1364,0.494,0.0676,0.1777
37.45659,-60.228024,18,agriculture,0.1052,0.15,0.004,0.071,0.6139,0.056
-19.850411,-170.016561,18,agriculture,0.0638,0.0125,0.0524,0.1685,0.3913,0.3115
13.71468,-6.011098,18,agriculture,0.0402,0.0199,0.0696,0.1909,0.44,0.2395
-45.015099,158.275889,18,urban,0.1296,0.0361,0.0894,0.3535,0.1843,0.2072
0.494986,-80.265204,18,forest,0.256,0.1473,0.0141,0.0816,0.0356,0.4653
11.865061,-34.249928,18,bare_land,0.0287,0.5049,0.0798,0.0362,0.0427,0.3078
45.797525,-10.813159,18,agriculture,0.1154,0.1937,0.0158,0.009,0.4018,0.2642
-34.715288,50.186789,18,vegetation,0.6441,0.0473,0.1426,0.0326,0.1135,0.0199
-59.430343,-102.259791,18,bare_land,0.0069,0.6208,0.0374,0.1058,0.1434,0.0856
-20.566899,170.738451,18,agriculture,0.1749,0.0779,0.0846,0.2168,0.3963,0.0495
-53.841632,59.91818,18,bare_land,0.0748,0.4996,0.1256,0.0298,0.0317,0.2386
40.10729,19.251191,18,agriculture,0.0833,0.1758,0.1821,0.03,0.4684,0.0604
53.617428,-97.18651,18,bare_land,0.2312,0.354,0.156,0.1056,0.125,0.0282
-43.722086,71.347264,18,vegetation,0.3646,0.1196,0.2617,0.0339,0.2085,0.0116
7.062483,-11.524082,18,vegetation,0.4516,0.051,0.0883,0.3048,0.0304,0.074
-1.339772,79.130856,18,forest,0.0838,0.0668,0.0507,0.0055,0.1009,0.6924
42.745658,-166.701258,18,urban,0.0126,0.0089,0.1238,0.6835,0.1659,0.0054
-22.796384,116.237011,18,agriculture,0.1037,0.0352,0.0088,0.0402,0.6918,0.1203
-48.708925,154.606859,18,urban,0.0123,0.2603,0.1258,0.4202,0.1283,0.053
-11.8241,145.417812,18,urban,0.1311,0.1008,0.1014,0.5532,0.0789,0.0346
-46.859356,62.794202,18,vegetation,0.5003,0.0158,0.3036,0.1081,0.0175,0.0548
49.428909,109.84206,18,urban,0.0324,0.1828,0.0011,0.526,0.1596,0.0981
26.269069,163.039526,18,urban,0.0804,0.0916,0.0102,0.5559,0.0427,0.2193
-23.015664,-154.74804,18,bare_land,0.2452,0.4423,0.0648,0.0881,0.0809,0.0786
-6.089548,148.647632,18,vegetation,0.4848,0.0344,0.2486,0.0747,0.0592,0.0983
56.255884,122.765948,18,bare_land,0.2903,0.4082,0.0257,0.0167,0.0468,0.2123
-15.956219,53.468445,18,agriculture,0.0116,0.0171,0.2731,0.092,0.5521,0.0541
3.579384,-144.02859,18,forest,0.1382,0.0137,0.0402,0.0393,0.1816,0.5871
-32.770833,74.216616,18,vegetation,0.4251,0.1168,0.095,0.0927,0.2125,0.058
-11.572858,-2.153167,18,agriculture,0.0926,0.0652,0.0407,0.0271,0.6376,0.1369
50.635921,-145.627885,18,vegetation,0.3508,0.0235,0.0149,0.2502,0.1881,0.1725
-10.764303,-126.361015,18,bare_land,0.0255,0.3678,0.2418,0.2187,0.1266,0.0196
12.872059,-122.793512,18,agriculture,0.0753,0.1596,0.1072,0.0772,0.5334,0.0474
29.898977,-70.018527,18,agriculture,0.0845,0.0741,0.0337,0.0503,0.6734,0.0841
38.73999,35.714826,18,vegetation,0.3902,0.1189,0.1741,0.227,0.0409,0.049
-10.674284,47.185077,18,agriculture,0.1349,0.0192,0.0991,0.0314,0.6971,0.0183
40.357836,72.808708,18,urban,0.0758,0.1318,0.0756,0.6886,0.0001,0.0279
40.740911,-63.858777,18,urban,0.0556,0.1741,0.0224,0.6107,0.0578,0.0794
23.184233,-1.596522,18,bare_land,0.0486,0.5454,0.0401,0.0938,0.1666,0.1055
-25.262908,-99.216288,18,bare_land,0.0884,0.44,0.1228,0.2331,0.0951,0.0207
-54.391035,-136.469692,18,bare_land,0.1785,0.4932,0.0227,0.0423,0.007,0.2564
59.959327,-22.385327,18,bare_land,0.035,0.6585,0.1616,0.0386,0.0062,0.1002
-8.403063,86.864117,18,forest,0.1154,0.3349,0.0419,0.0726,0.0819,0.3532
-41.125901,79.452032,18,agriculture,0.0412,0.045,0.138,0.1477,0.5906,0.0375
-11.135724,-36.849861,18,bare_land,0.0508,0.6469,0.0363,0.0357,0.032,0.1983
-51.376489,50.52586,18,bare_land,0.1387,0.5511,0.0043,0.046,0.2086,0.0513
-44.866718,-29.324985,18,vegetation,0.4844,0.0812,0.1597,0.0959,0.1227,0.056
21.8464,-23.098713,18,bare_land,0.1644,0.4868,0.0157,0.2282,0.0577,0.0472
19.57483,-113.47804,18,bare_land,0.0167,0.4331,0.1116,0.2253,0.208,0.0053
43.816497,-124.297587,18,urban,0.256,0.0164,0.0045,0.3694,0.2364,0.1173
-21.243404,56.154299,18,agriculture,0.1577,0.1985,0.0044,0.0097,0.432,0.1977
22.992731,-31.725504,18,urban,0.1852,0.0916,0.111,0.4471,0.1348,0.0304
-7.879682,-153.619693,18,vegetation,0.478,0.0167,0.1084,0.3392,0.0405,0.0172
-20.048242,-99.233515,18,bare_land,0.2536,0.4283,0.0654,0.1246,0.0913,0.037
18.42215,-41.454175,18,agriculture,0.0161,0.1522,0.0304,0.0195,0.4663,0.3156
-58.663867,84.626345,18,vegetation,0.6936,0.0026,0.0454,0.242,0.0054,0.011
-55.665852,-36.548036,18,vegetation,0.6613,0.0314,0.059,0.026,0.1452,0.0771
20.835626,29.714021,18,urban,0.0795,0.1196,0.0584,0.5412,0.1709,0.0304
11.604204,134.732169,18,bare_land,0.0135,0.4598,0.0876,0.1058,0.1527,0.1807
-52.450967,-148.538701,18,vegetation,0.5932,0.0817,0.0661,0.2045,0.0047,0.0498
-29.944315,-59.552829,18,bare_land,0.0618,0.6423,0.0338,0.1916,0.0235,0.0471
36.868164,-59.676942,18,urban,0.0425,0.06,0.1695,0.357,0.3668,0.0041
-36.316834,-83.216008,18,agriculture,0.0393,0.0367,0.2732,0.0085,0.4888,0.1534
49.913066,97.207679,18,agriculture,0.0843,0.3879,0.0334,0.0335,0.4029,0.0579
32.853658,-165.914597,18,urban,0.0011,0.1261,0.1986,0.5285,0.1364,0.0093
-39.861148,79.394847,18,agriculture,0.0189,0.2137,0.0286,0.1039,0.5654,0.0695
56.092508,-89.614695,18,vegetation,0.6188,0.2111,0.0802,0.0382,0.032,0.0197
27.288847,83.977939,18,bare_land,0.1788,0.6333,0.0102,0.1389,0.0116,0.0272
-30.031314,82.018151,18,urban,0.1139,0.0768,0.0179,0.6481,0.0985,0.0448
-20.435945,55.578404,18,urban,0.0102,0.0665,0.0609,0.3646,0.315,0.1827
-56.980539,177.828897,18,bare_land,0.1379,0.5932,0.151,0.0744,0.0357,0.0078
-19.047085,50.966157,18,urban,0.1563,0.0572,0.0161,0.6383,0.0605,0.0716
55.37166,100.041615,18,bare_land,0.2575,0.384,0.0926,0.0821,0.1158,0.0679
55.296235,-152.968917,18,vegetation,0.667,0.048,0.2103,0.0179,0.0444,0.0124
-46.229778,74.034979,18,urban,0.0628,0.0941,0.067,0.6045,0.1178,0.0538
-5.15554,111.141274,18,forest,0.0333,0.0433,0.0663,0.1644,0.1379,0.5547
-59.460015,28.340953,18,bare_land,0.0446,0.4356,0.1639,0.212,0.0555,0.0884
56.234201,-52.577443,18,bare_land,0.1502,0.6157,0.0385,0.0082,0.1339,0.0536
-48.413871,-171.828148,18,urban,0.1309,0.1151,0.1207,0.5683,0.0336,0.0315
30.456191,-75.347375,18,agriculture,0.0736,0.106,0.0902,0.1,0.4893,0.1409
51.848515,135.902798,18,bare_land,0.0473,0.628,0.0012,0.0357,0.0914,0.1965
-42.270145,-82.362289,18,urban,0.0783,0.0721,0.0195,0.6926,0.112,0.0256
-10.413495,141.336145,18,urban,0.1262,0.0437,0.1003,0.6532,0.021,0.0556
-21.528613,-37.130119,18,urban,0.0778,0.0176,0.1721,0.6111,0.0651,0.0563
46.141474,-166.990762,18,agriculture,0.33,0.0218,0.086,0.0443,0.4791,0.0388
-3.140867,10.94424,18,vegetation,0.5563,0.0067,0.1587,0.106,0.0006,0.1716
-38.666409,59.149454,18,urban,0.0701,0.0016,0.1597,0.4952,0.116,0.1573
-10.28183,-95.055714,18,bare_land,0.112,0.5145,0.0115,0.135,0.0391,0.1879
12.880396,90.933725,18,agriculture,0.1468,0.0283,0.023,0.0355,0.6878,0.0785
54.11581,-122.040288,18,bare_land,0.006,0.6629,0.1616,0.061,0.0617,0.0469
-56.791707,-133.220106,18,vegetation,0.477,0.0698,0.1323,0.1945,0.0815,0.0449
-25.648384,-16.260725,18,agriculture,0.1156,0.0018,0.2321,0.0646,0.5834,0.0025
-30.394987,-153.639561,18,urban,0.071,0.2324,0.119,0.4259,0.1227,0.0288
40.5575,89.429294,18,vegetation,0.6499,0.1478,0.0225,0.0528,0.088,0.0391
29.362752,-10.550057,18,urban,0.0418,0.2414,0.0216,0.5722,0.0166,0.1065
-52.617968,-179.44675,18,bare_land,0.1165,0.5283,0.0695,0.0349,0.0422,0.2086
35.082644,51.267946,18,vegetation,0.5141,0.1077,0.0603,0.0631,0.0706,0.1842
43.977815,88.911015,18,vegetation,0.3999,0.0778,0.1169,0.1602,0.2099,0.0353
-28.358677,-50.369971,18,agriculture,0.1219,0.0935,0.0049,0.1517,0.5169,0.1111
-19.310762,-120.652016,18,bare_land,0.0419,0.5804,0.0365,0.1403,0.1494,0.0515
51.068538,9.479381,18,vegetation,0.6983,0.0686,0.0456,0.0461,0.0154,0.126
-12.451672,95.710392,18,agriculture,0.0073,0.1298,0.0956,0.1408,0.5397,0.0868
29.769487,60.175009,18,agriculture,0.2993,0.0146,0.0535,0.0021,0.4659,0.1645
-15.779254,1.068685,18,urban,0.0303,0.1771,0.1722,0.4589,0.0277,0.1338
26.67201,-92.001135,18,urban,0.0769,0.0114,0.1118,0.4122,0.1755,0.2122
56.801882,-65.7963,18,vegetation,0.3784,0.2609,0.1071,0.0332,0.0123,0.2081
-25.222664,88.606957,18,agriculture,0.2206,0.0023,0.1003,0.0133,0.5757,0.0878
2.013674,-23.573419,18,forest,0.0305,0.0569,0.1358,0.0172,0.1484,0.6112
-25.130839,49.396914,18,urban,0.0692,0.2685,0.1133,0.3973,0.135,0.0167
-39.250015,163.027506,18,vegetation,0.6864,0.0162,0.1282,0.0106,0.039,0.1195
8.513676,-130.44983,18,vegetation,0.5268,0.1382,0.0412,0.1906,0.023,0.0801
55.192411,159.715855,18,vegetation,0.5876,0.2284,0.0067,0.0253,0.0315,0.1204
37.210894,105.947187,18,agriculture,0.0618,0.0164,0.3774,0.045,0.3654,0.1339
-29.337294,1.659506,18,agriculture,0.1331,0.0009,0.0305,0.0837,0.5837,0.1681
-21.196437,-57.529875,18,agriculture,0.1378,0.0581,0.068,0.0021,0.6535,0.0807
-48.221407,71.023009,18,urban,0.0005,0.0038,0.0761,0.6968,0.0746,0.1482
52.808517,5.343976,18,vegetation,0.6651,0.0914,0.0706,0.0587,0.0048,0.1094
16.933248,135.565216,18,urban,0.0524,0.1203,0.1143,0.5923,0.1039,0.0169
-24.31068,5.858755,18,bare_land,0.0493,0.6824,0.0603,0.0353,0.0412,0.1314
-20.173513,-115.185099,18,bare_land,0.0806,0.6526,0.001,0.0073,0.1747,0.0838
-8.15767,-45.670132,18,forest,0.0876,0.1174,0.1192,0.0479,0.0399,0.5879
-44.390292,107.699795,18,vegetation,0.5362,0.0042,0.0181,0.2013,0.0851,0.1551
25.063125,32.504032,18,urban,0.0006,0.0457,0.5068,0.3823,0.0105,0.0541
15.330185,132.2825,18,bare_land,0.1303,0.6844,0.0579,0.1086,0.0161,0.0028
-2.235688,-84.887838,18,forest,0.2113,0.1515,0.0282,0.0357,0.0858,0.4876
-27.246086,-125.438054,18,urban,0.074,0.0684,0.0368,0.3815,0.3995,0.0397
-13.194216,0.162718,18,bare_land,0.0742,0.6239,0.0078,0.049,0.1456,0.0995
51.628229,125.123977,18,vegetation,0.6003,0.1303,0.0478,0.1161,0.059,0.0465
-14.429011,-105.523093,18,urban,0.4273,0.0549,0.0085,0.3537,0.1359,0.0197
-38.897093,67.886244,18,urban,0.1184,0.2023,0.0378,0.5584,0.013,0.0702
29.899725,167.448691,18,bare_land,0.1525,0.4142,0.0695,0.1867,0.0533,0.1238
-35.446852,-34.241859,18,agriculture,0.1078,0.1625,0.0807,0.2382,0.3876,0.0232
-12.664468,-72.679259,18,bare_land,0.0284,0.553,0.2322,0.0099,0.0701,0.1064
-19.572656,139.922639,18,agriculture,0.0095,0.0738,0.032,0.2588,0.4262,0.1997
51.069696,105.315191,18,bare_land,0.0405,0.4755,0.0953,0.0977,0.0089,0.282
28.916012,165.637347,18,urban,0.0196,0.0186,0.068,0.6464,0.2154,0.032
-35.462196,55.452929,18,agriculture,0.164,0.0535,0.0134,0.0059,0.6558,0.1075
-30.439309,-30.37825,18,agriculture,0.0785,0.0739,0.1499,0.0833,0.519,0.0953
29.915894,-38.675873,18,agriculture,0.0297,0.1455,0.0759,0.033,0.5141,0.2018
32.435848,-9.2868,18,agriculture,0.1565,0.1553,0.0629,0.0043,0.5927,0.0283
-20.921035,73.369128,18,bare_land,0.0029,0.6909,0.1745,0.0256,0.0878,0.0183
-33.973089,70.349122,18,agriculture,0.0741,0.0382,0.1809,0.1762,0.4243,0.1063
-9.516904,-123.622557,18,vegetation,0.5021,0.0377,0.2111,0.0179,0.0046,0.2265
-49.968962,-131.253263,18,urban,0.0524,0.0611,0.0461,0.6968,0.03,0.1136
26.691978,-52.850335,18,agriculture,0.1299,0.0529,0.0748,0.0931,0.6135,0.0359
12.004121,-124.150129,18,urban,0.1684,0.087,0.1045,0.479,0.1001,0.061
-56.900158,175.795026,18,vegetation,0.4182,0.086,0.002,0.3647,0.0032,0.1258
25.619751,39.007036,18,bare_land,0.0533,0.6291,0.079,0.0632,0.1212,0.0542
-0.257641,-45.156854,18,vegetation,0.4728,0.1583,0.1838,0.1353,0.0199,0.0299
-10.735379,59.107948,18,urban,0.1526,0.0435,0.0202,0.5246,0.1051,0.1541
-41.893132,7.17149,18,agriculture,0.0473,0.0887,0.0759,0.1433,0.6154,0.0295
22.115319,9.480733,18,bare_land,0.1003,0.6771,0.0299,0.0249,0.147,0.0208
-17.925615,-170.797787,18,urban,0.0064,0.0515,0.0012,0.4684,0.2225,0.2499
7.44144,51.030018,18,forest,0.1217,0.0871,0.0271,0.2276,0.0162,0.5203
10.592644,-19.246779,18,urban,0.0888,0.0872,0.0196,0.5418,0.0949,0.1677
-13.360558,-61.02207,18,bare_land,0.232,0.4319,0.0195,0.171,0.0417,0.1038
-32.535501,162.962223,18,urban,0.0498,0.0952,0.1223,0.663,0.0466,0.0231
47.103856,0.719503,18,urban,0.0592,0.0083,0.0451,0.6737,0.0457,0.1681
46.328208,-0.4548,18,vegetation,0.6954,0.0153,0.0198,0.0531,0.2052,0.0111
-21.661071,48.02223,18,agriculture,0.0128,0.2188,0.1324,0.0763,0.5156,0.044
7.640712,-121.01562,18,vegetation,0.4444,0.1313,0.1392,0.2571,0.0115,0.0165
-14.682098,25.970547,18,urban,0.03,0.1572,0.0084,0.6775,0.0467,0.0802
-1.837273,79.450645,18,forest,0.102,0.0722,0.0453,0.0435,0.2344,0.5025
-5.951929,-72.202016,18,forest,0.0817,0.0694,0.1159,0.0241,0.0427,0.6661
13.448892,-88.86049,18,agriculture,0.2176,0.1174,0.1069,0.0704,0.4424,0.0453
-30.821,23.215319,18,agriculture,0.1334,0.0142,0.0855,0.0203,0.4686,0.278
-41.062688,-129.022839,18,urban,0.0403,0.1643,0.0476,0.446,0.2479,0.054
42.863944,43.503499,18,urban,0.1439,0.0369,0.0476,0.6146,0.0925,0.0645
20.257639,125.403753,18,bare_land,0.0172,0.3944,0.0963,0.2466,0.027,0.2185
-52.831703,32.109998,18,vegetation,0.4503,0.2088,0.0321,0.0618,0.1038,0.1432
-25.874104,-63.892904,18,urban,0.1158,0.0246,0.0494,0.3735,0.0663,0.3704
43.167469,86.178327,18,vegetation,0.3861,0.0827,0.0689,0.2229,0.1678,0.0716
-53.361045,172.44191,18,vegetation,0.4677,0.1037,0.004,0.2723,0.0871,0.0653
13.503866,-9.970309,18,urban,0.0084,0.1561,0.0448,0.5847,0.1274,0.0787
27.62833,-136.786242,18,agriculture,0.1071,0.0659,0.0115,0.0671,0.6707,0.0778
-3.517268,54.590632,18,vegetation,0.6224,0.1756,0.1215,0.0577,0.0169,0.006
-30.293886,31.676285,18,vegetation,0.5095,0.285,0.0705,0.0433,0.0268,0.0649
41.465239,-31.710598,18,urban,0.2369,0.0336,0.1145,0.5248,0.0568,0.0333
57.129857,104.746761,18,bare_land,0.1198,0.5901,0.062,0.0894,0.137,0.0017
-43.140453,-36.097254,18,urban,0.2312,0.0145,0.0037,0.6632,0.0776,0.0098
-57.933872,-21.080437,18,bare_land,0.0592,0.5987,0.0835,0.0373,0.0967,0.1245
-40.999365,-75.726321,18,agriculture,0.2741,0.1262,0.0319,0.0433,0.3555,0.169
-45.471961,-14.827387,18,vegetation,0.4212,0.319,0.1007,0.0264,0.0103,0.1225
-40.249147,108.556822,18,vegetation,0.5438,0.2523,0.017,0.0577,0.0592,0.0701
20.471534,173.598885,18,urban,0.0034,0.0918,0.0546,0.5253,0.0066,0.3184
6.074439,-179.200854,18,vegetation,0.6096,0.0554,0.0768,0.0714,0.041,0.1458
44.451331,160.40033,18,agriculture,0.1329,0.1491,0.0216,0.0671,0.6193,0.01
42.246652,-32.851442,18,vegetation,0.507,0.032,0.0207,0.0107,0.128,0.3017
-30.920159,-18.035158,18,agriculture,0.066,0.0542,0.0674,0.124,0.6398,0.0486
-6.024532,135.871452,18,vegetation,0.3891,0.0516,0.0526,0.3387,0.1549,0.0131
-3.223941,-7.400528,18,vegetation,0.6548,0.0122,0.0542,0.0807,0.1834,0.0147
-15.362523,-102.329704,18,agriculture,0.1931,0.0349,0.0825,0.1337,0.5457,0.0101
52.009029,5.720583,18,bare_land,0.0812,0.4982,0.1323,0.0553,0.0657,0.1673
-54.488652,-36.3274,18,vegetation,0.48,0.1266,0.1068,0.0599,0.1924,0.0343
49.681634,104.671263,18,vegetation,0.3852,0.0018,0.4095,0.0542,0.1145,0.0348
-6.969775,144.073105,18,vegetation,0.4738,0.0063,0.0143,0.1521,0.2614,0.092
29.851301,54.355107,18,urban,0.0307,0.2672,0.0843,0.5258,0.0503,0.0418
3.431821,-125.550486,18,forest,0.0716,0.0687,0.0326,0.0542,0.2534,0.5196
3.167388,-124.950239,18,vegetation,0.3557,0.1844,0.0539,0.2353,0.0348,0.1358
52.358334,-70.928959,18,bare_land,0.0724,0.3909,0.1584,0.0877,0.1483,0.1422
38.656539,-149.04341,18,urban,0.1205,0.0279,0.0511,0.4784,0.0283,0.2938
24.555366,-21.437768,18,urban,0.0221,0.1417,0.1261,0.4747,0.1679,0.0674
-55.929984,50.659723,18,bare_land,0.2455,0.3955,0.0432,0.0879,0.1625,0.0654
-55.54347,54.294338,18,vegetation,0.5624,0.1059,0.0288,0.0177,0.0389,0.2463
23.521424,142.428203,18,urban,0.0674,0.0045,0.1373,0.6809,0.0845,0.0254
-33.895863,-74.562738,18,agriculture,0.1051,0.0072,0.0638,0.0807,0.6548,0.0884
-1.858405,8.631941,18,vegetation,0.4325,0.0367,0.1318,0.1964,0.0683,0.1344
-37.922668,-82.0271,18,urban,0.1403,0.0709,0.031,0.6552,0.0439,0.0587
20.543221,-167.321537,18,bare_land,0.0836,0.6054,0.019,0.1777,0.0778,0.0366
-57.818614,72.531288,18,vegetation,0.5235,0.079,0.0647,0.0069,0.1769,0.1489
-14.822439,85.946545,18,bare_land,0.0333,0.5476,0.1693,0.0245,0.146,0.0793
54.288996,0.390656,18,bare_land,0.0348,0.6606,0.2743,0.0164,0.0035,0.0103
47.198134,-97.263809,18,urban,0.044,0.0058,0.0331,0.541,0.0914,0.2847
-53.442107,-42.832013,18,vegetation,0.4414,0.1294,0.0771,0.0219,0.3276,0.0026
-41.425494,-54.294854,18,vegetation,0.3878,0.1054,0.1648,0.0068,0.0864,0.2489
44.031675,103.187565,18,urban,0.1625,0.0994,0.0453,0.4741,0.0848,0.1338
-26.388251,-166.635077,18,bare_land,0.1937,0.5708,0.0064,0.0647,0.0132,0.1513
-32.215184,-100.630482,18,vegetation,0.6209,0.0357,0.0297,0.0955,0.178,0.0403
52.538734,117.712324,18,vegetation,0.642,0.1192,0.0411,0.1153,0.0453,0.037
41.779711,-85.50277,18,agriculture,0.1478,0.0318,0.0443,0.1194,0.4795,0.1772
28.782762,-128.363631,18,agriculture,0.1006,0.0113,0.1464,0.1277,0.6085,0.0055
40.713561,107.338145,18,agriculture,0.091,0.1085,0.093,0.0409,0.6423,0.0243
0.717775,118.256824,18,vegetation,0.3573,0.1217,0.0019,0.0348,0.1935,0.2908
-12.938766,-62.905417,18,bare_land,0.0939,0.4594,0.1315,0.0315,0.1242,0.1595
-1.698882,57.562482,18,vegetation,0.4588,0.1415,0.0047,0.2666,0.0183,0.11
-7.760335,-135.369289,18,forest,0.0903,0.1156,0.0188,0.1001,0.2583,0.4169
-42.794595,160.076668,18,urban,0.0527,0.2656,0.1967,0.4034,0.0452,0.0365
-16.789768,-153.938113,18,bare_land,0.1577,0.5515,0.1242,0.1087,0.0265,0.0315
32.7278,131.857697,18,vegetation,0.3523,0.2603,0.0703,0.0198,0.0631,0.2341
-27.135554,135.653229,18,bare_land,0.0614,0.594,0.015,0.1017,0.0131,0.2149
-23.177635,69.215894,18,bare_land,0.0443,0.5798,0.0448,0.1335,0.1065,0.0912
-41.826461,-10.849589,18,vegetation,0.4366,0.0871,0.1435,0.0222,0.2631,0.0474
-8.454649,-75.088655,18,forest,0.1922,0.0704,0.0169,0.0051,0.0464,0.669
31.477956,13.474214,18,vegetation,0.5741,0.1253,0.0697,0.0972,0.1234,0.0104
-25.256549,38.554927,18,bare_land,0.0754,0.6256,0.1077,0.0022,0.0533,0.1358
58.582766,118.53122,18,vegetation,0.4931,0.0023,0.1298,0.281,0.0755,0.0183
22.409388,-97.232476,18,urban,0.0159,0.2045,0.0313,0.4979,0.1315,0.1189
-50.922922,-135.560756,18,bare_land,0.104,0.656,0.0135,0.0489,0.0389,0.1387
49.816681,19.648135,18,urban,0.1143,0.2602,0.006,0.4276,0.0748,0.1171
46.444452,-145.499085,18,agriculture,0.0069,0.146,0.094,0.0844,0.3869,0.2817
-43.779364,-159.0044,18,agriculture,0.0766,0.1057,0.0568,0.0764,0.655,0.0295
17.334084,-48.468783,18,bare_land,0.1506,0.3752,0.0704,0.1965,0.0667,0.1406
-1.917101,147.271887,18,forest,0.0416,0.0833,0.0276,0.2334,0.0944,0.5196
-57.421349,-44.071197,18,vegetation,0.3543,0.1184,0.1097,0.0433,0.1908,0.1836
-25.23555,-166.365557,18,bare_land,0.0727,0.4936,0.0157,0.3485,0.0638,0.0056
-0.665176,50.075098,18,vegetation,0.4006,0.2019,0.1279,0.0528,0.171,0.0458
23.557283,132.777023,18,agriculture,0.0135,0.0176,0.0456,0.1716,0.6866,0.0652
-10.102667,-156.578473,18,urban,0.0425,0.4209,0.0121,0.4512,0.0129,0.0604
-0.429673,54.579834,18,forest,0.0224,0.2929,0.0552,0.2312,0.0007,0.3976
-2.686337,-52.625512,18,forest,0.0995,0.0741,0.0205,0.261,0.009,0.5358
6.281386,94.608082,18,vegetation,0.3898,0.0256,0.094,0.1679,0.2946,0.0282
3.054524,170.518293,18,vegetation,0.6732,0.0033,0.0605,0.1253,0.0575,0.0802
47.239247,-124.180626,18,agriculture,0.094,0.2588,0.0666,0.003,0.4695,0.1082
-2.114901,47.696911,18,forest,0.1559,0.0895,0.0526,0.0141,0.1656,0.5224
25.952074,123.521981,18,urban,0.1363,0.1361,0.0419,0.4101,0.2105,0.065
52.714205,-125.036592,18,bare_land,0.103,0.4105,0.2359,0.0564,0.0591,0.1351
-29.289336,-139.631906,18,urban,0.2287,0.052,0.0901,0.5848,0.024,0.0205
-1.283654,138.000596,18,forest,0.0484,0.1565,0.0999,0.1422,0.1207,0.4322
-27.808137,16.588149,18,bare_land,0.084,0.5164,0.2202,0.0972,0.0736,0.0085
30.422538,-101.993354,18,vegetation,0.6954,0.0738,0.0357,0.1451,0.002,0.048
16.623014,-48.418262,18,bare_land,0.1992,0.448,0.0987,0.0025,0.2064,0.0452
-58.366684,87.006203,18,vegetation,0.6893,0.0168,0.0417,0.0794,0.0538,0.119
-42.622737,46.853747,18,agriculture,0.0009,0.2621,0.0221,0.0839,0.6278,0.0032
-36.846482,-94.868389,18,vegetation,0.5857,0.0346,0.0133,0.0618,0.1309,0.1737
-11.315344,-147.371359,18,urban,0.0029,0.132,0.2444,0.587,0.0291,0.0045
52.313408,-120.102805,18,bare_land,0.0759,0.6333,0.0646,0.1112,0.1112,0.0038
29.188938,-133.036964,18,agriculture,0.118,0.0315,0.0441,0.2847,0.4895,0.0322
48.496685,163.236674,18,agriculture,0.0391,0.0134,0.2227,0.0939,0.3869,0.244
9.8499,-66.083135,18,forest,0.2294,0.1532,0.021,0.0796,0.1506,0.3662
6.489555,35.286028,18,vegetation,0.352,0.2677,0.0181,0.2416,0.0105,0.1101
37.031295,49.567562,18,agriculture,0.1346,0.0016,0.0379,0.1941,0.6309,0.0008
-8.136198,-49.855983,18,forest,0.0172,0.3817,0.032,0.0622,0.1185,0.3883
56.717072,102.017841,18,vegetation,0.5176,0.0472,0.1103,0.0339,0.0128,0.2781
-39.776215,29.203026,18,agriculture,0.0423,0.1147,0.0745,0.001,0.4782,0.2892
-54.73862,-10.505276,18,vegetation,0.468,0.0804,0.2516,0.0475,0.08,0.0725
14.176454,120.935978,18,urban,0.0608,0.0569,0.1686,0.6273,0.0807,0.0056
-4.249216,148.566271,18,vegetation,0.4904,0.0503,0.3211,0.0679,0.0555,0.0149
-21.930186,164.556211,18,bare_land,0.0985,0.3733,0.0033,0.063,0.2749,0.1869
0.090133,177.840241,18,forest,0.0232,0.0404,0.0735,0.0727,0.102,0.6882
-51.077398,86.785953,18,vegetation,0.3823,0.0003,0.2528,0.1157,0.1817,0.0671
-22.768155,159.815241,18,urban,0.0031,0.1573,0.0617,0.3687,0.2452,0.164
47.133704,53.830476,18,agriculture,0.1251,0.0053,0.0188,0.1439,0.6766,0.0303
-35.244429,135.661725,18,agriculture,0.0555,0.0216,0.0537,0.0052,0.3862,0.4777
54.283822,47.32758,18,bare_land,0.0145,0.5093,0.1054,0.0361,0.1321,0.2026
-17.081272,121.8895,18,agriculture,0.0411,0.0001,0.3785,0.0805,0.3543,0.1456
28.29994,-65.810741,18,bare_land,0.2082,0.6234,0.059,0.005,0.0566,0.0478
55.112085,126.648149,18,bare_land,0.1047,0.393,0.0202,0.3378,0.0654,0.0789
55.247268,74.651013,18,bare_land,0.0906,0.6427,0.0136,0.0091,0.2435,0.0005
-12.509322,-22.860692,18,agriculture,0.0207,0.0214,0.1331,0.1407,0.6684,0.0158
-8.948544,177.404187,18,forest,0.0444,0.0036,0.1105,0.3991,0.0481,0.3942
-53.422302,6.666995,18,vegetation,0.3842,0.1466,0.2311,0.0544,0.134,0.0497
-9.291664,-65.30323,18,vegetation,0.6459,0.115,0.0354,0.025,0.0942,0.0845
-31.965524,160.762259,18,vegetation,0.5532,0.1405,0.0517,0.0963,0.0597,0.0987
-25.440884,-145.393754,18,bare_land,0.3103,0.5165,0.0055,0.1344,0.0329,0.0003
-25.127912,-26.89491,18,bare_land,0.0051,0.5715,0.2076,0.0438,0.0678,0.1042
22.072958,50.030798,18,urban,0.1879,0.0386,0.1483,0.4999,0.0431,0.0822
-46.622894,108.26216,18,urban,0.0078,0.0529,0.3009,0.4296,0.0226,0.1861
56.029137,49.941271,18,vegetation,0.4573,0.1292,0.0722,0.069,0.1106,0.1617
18.527001,55.090816,18,urban,0.0167,0.1932,0.0831,0.5141,0.0301,0.1629
0.235572,-50.309684,18,forest,0.0273,0.2235,0.0338,0.0042,0.0683,0.6428
-21.627611,-88.519289,18,bare_land,0.0069,0.6283,0.0361,0.0367,0.2593,0.0327
-20.70313,-36.781874,18,urban,0.0073,0.0615,0.0404,0.5938,0.1428,0.1543
-57.450465,80.733485,18,vegetation,0.3614,0.0431,0.0548,0.1258,0.365,0.05
-27.971845,82.771731,18,agriculture,0.0253,0.2843,0.0688,0.1048,0.4894,0.0274
16.212724,-118.111964,18,bare_land,0.0453,0.4991,0.0897,0.0385,0.1448,0.1826
37.49975,79.581489,18,urban,0.0639,0.1117,0.0569,0.6402,0.0515,0.0758
47.095002,-170.665281,18,urban,0.0162,0.0444,0.0906,0.6989,0.0731,0.0767
31.456597,-125.966503,18,urban,0.1668,0.0443,0.0073,0.6376,0.0999,0.0441
-42.177593,117.359422,18,agriculture,0.1069,0.1181,0.0624,0.2636,0.4234,0.0256
-18.454051,116.843043,18,urban,0.1233,0.0304,0.0323,0.6416,0.0851,0.0872
-9.045802,68.064046,18,vegetation,0.6853,0.0596,0.0226,0.0741,0.0926,0.0657
25.007065,-112.093575,18,bare_land,0.0971,0.4604,0.1683,0.112,0.0882,0.074
34.123087,63.444264,18,vegetation,0.6029,0.0047,0.0091,0.0866,0.1355,0.1613
47.565966,-86.07456,18,vegetation,0.5773,0.0606,0.1318,0.0681,0.0005,0.1616
-53.950285,129.394737,18,vegetation,0.6987,0.041,0.0272,0.1709,0.0499,0.0123
44.38838,50.758734,18,agriculture,0.1248,0.075,0.038,0.0572,0.6522,0.0527
-0.996431,38.806277,18,vegetation,0.4884,0.0932,0.0147,0.1914,0.0442,0.1681
-5.540217,-99.890272,18,vegetation,0.4978,0.0641,0.0105,0.2674,0.1122,0.048
-31.277607,-142.67925,18,urban,0.01,0.0072,0.0078,0.6609,0.1974,0.1168
-20.61921,-45.735953,18,urban,0.257,0.109,0.1851,0.3655,0.0547,0.0288
39.874262,112.50194,18,urban,0.0408,0.0089,0.0335,0.6061,0.2409,0.0698
-32.622332,-118.754171,18,agriculture,0.1463,0.0919,0.0819,0.0371,0.5452,0.0976
36.639602,-158.675583,18,urban,0.047,0.0459,0.1224,0.5514,0.1574,0.0758
58.0777,170.980212,18,vegetation,0.6856,0.039,0.0255,0.1298,0.1044,0.0158
-46.607235,113.672798,18,urban,0.0641,0.1712,0.0463,0.5439,0.0147,0.1599
37.16498,-104.709517,18,agriculture,0.0387,0.1947,0.049,0.0422,0.4803,0.1951
-27.605177,35.484473,18,urban,0.0739,0.1285,0.0366,0.6254,0.0622,0.0734
58.152807,-22.438444,18,bare_land,0.044,0.5403,0.1607,0.1038,0.056,0.0952
8.983548,-37.55213,18,forest,0.0111,0.1002,0.1929,0.0092,0.0418,0.6448
-58.16929,-64.48571,18,bare_land,0.1058,0.6714,0.0647,0.1102,0.0293,0.0186
50.066332,18.637093,18,bare_land,0.0114,0.5835,0.0632,0.1567,0.0932,0.092
18.229167,-96.356901,18,agriculture,0.3099,0.0269,0.1223,0.1268,0.3703,0.0438
10.987126,19.20008,18,bare_land,0.022,0.6865,0.0467,0.0929,0.0692,0.0827
-15.4682,97.252021,18,bare_land,0.0179,0.4624,0.0984,0.3406,0.0524,0.0284
32.616689,-42.722782,18,vegetation,0.5884,0.1653,0.0378,0.0622,0.0074,0.1389
31.866074,-96.14593,18,agriculture,0.3132,0.0097,0.1206,0.0054,0.5506,0.0005
58.705022,32.501752,18,vegetation,0.6102,0.01,0.0345,0.0357,0.0153,0.2943
-37.162447,66.664387,18,agriculture,0.004,0.2945,0.1558,0.0118,0.5207,0.0132
-1.72255,47.168841,18,vegetation,0.3596,0.0326,0.0299,0.0254,0.257,0.2956
-58.251878,174.587546,18,vegetation,0.5311,0.0211,0.0241,0.0222,0.0181,0.3833
-27.563841,170.558725,18,agriculture,0.0893,0.0742,0.0978,0.0282,0.3944,0.316
45.48938,151.553694,18,agriculture,0.2194,0.0116,0.0872,0.0421,0.6187,0.021
-19.765365,140.798582,18,agriculture,0.0089,0.0351,0.1855,0.1161,0.6325,0.022
-5.964445,-122.793554,18,vegetation,0.5675,0.0098,0.1964,0.1453,0.0679,0.0131
-31.901448,70.316421,18,urban,0.2888,0.0168,0.0996,0.4623,0.0897,0.0428
34.755153,125.940129,18,urban,0.0969,0.0551,0.1089,0.6509,0.0664,0.0218
54.175434,-19.188623,18,bare_land,0.067,0.6385,0.0394,0.0552,0.1889,0.0109
-28.764001,153.556989,18,urban,0.0445,0.1492,0.1678,0.4765,0.1063,0.0557
-20.900302,-5.635652,18,agriculture,0.0314,0.3864,0.0539,0.0373,0.3534,0.1377
35.867085,36.510585,18,urban,0.0146,0.0149,0.335,0.5878,0.0399,0.0078
43.691428,-151.762215,18,agriculture,0.0101,0.0174,0.3045,0.0005,0.4722,0.1952
-51.340691,-88.256554,18,vegetation,0.6837,0.0018,0.0137,0.0982,0.0505,0.1521
-55.175965,-74.232664,18,bare_land,0.1379,0.4525,0.0878,0.0272,0.212,0.0825
3.41076,-104.01967,18,forest,0.01,0.1805,0.1003,0.233,0.0034,0.4729
12.601386,129.483869,18,agriculture,0.0417,0.0548,0.0621,0.053,0.4987,0.2897
-55.257274,-10.615449,18,vegetation,0.6085,0.0349,0.0319,0.1318,0.1509,0.0421
35.114374,-41.739479,18,agriculture,0.0484,0.1051,0.0757,0.0038,0.5884,0.1786
12.199485,-69.020807,18,bare_land,0.0114,0.4684,0.0261,0.4239,0.0328,0.0374
-0.32891,-154.383786,18,forest,0.1975,0.1326,0.0217,0.0468,0.0121,0.5893
19.356477,136.113938,18,bare_land,0.0674,0.569,0.2303,0.0371,0.0499,0.0462
-30.29942,30.217822,18,vegetation,0.5151,0.0786,0.0704,0.0332,0.0182,0.2845
-29.522465,-74.691299,18,agriculture,0.1251,0.1433,0.0162,0.0519,0.5578,0.1057
31.092763,-89.53372,18,vegetation,0.3794,0.1415,0.1741,0.0967,0.0673,0.1411
44.017348,128.223361,18,agriculture,0.0945,0.1254,0.0167,0.0227,0.6524,0.0883
32.090855,156.073547,18,urban,0.0572,0.061,0.0923,0.636,0.0618,0.0917
8.963378,78.33066,18,forest,0.0987,0.0761,0.1287,0.0236,0.0025,0.6704
-57.598181,-178.212159,18,vegetation,0.4846,0.1315,0.0774,0.2297,0.0068,0.0701
45.836318,106.400803,18,agriculture,0.1228,0.0871,0.1049,0.0251,0.5755,0.0847
-57.805882,164.724762,18,bare_land,0.2303,0.5174,0.0911,0.0036,0.0624,0.0952
42.444069,-10.792346,18,agriculture,0.0223,0.0998,0.0503,0.2486,0.5085,0.0706
7.548337,127.80102,18,forest,0.077,0.1911,0.0029,0.0558,0.2803,0.3929
36.807762,-24.288995,18,urban,0.0259,0.0123,0.1814,0.6826,0.0195,0.0782
-37.232811,-48.678872,18,vegetation,0.6435,0.045,0.0301,0.1306,0.0256,0.1253
-6.201066,131.281653,18,forest,0.1257,0.0623,0.0783,0.0336,0.0542,0.6459
-6.300041,27.058286,18,vegetation,0.5699,0.1875,0.1506,0.0044,0.0212,0.0664
28.042241,54.762677,18,agriculture,0.2293,0.0884,0.0593,0.0339,0.5197,0.0693
-2.241794,116.95796,18,vegetation,0.4451,0.1972,0.0526,0.2204,0.0539,0.0307
-53.351386,168.934794,18,bare_land,0.1039,0.594,0.0106,0.0316,0.2447,0.0151
16.787942,102.326013,18,urban,0.1399,0.0201,0.0381,0.568,0.0345,0.1995
59.203398,-102.070942,18,vegetation,0.6824,0.0848,0.0006,0.0215,0.1301,0.0806
-19.580541,60.87741,18,agriculture,0.1242,0.0862,0.176,0.0414,0.4866,0.0855
-19.408322,-82.264657,18,bare_land,0.2167,0.3511,0.3663,0.004,0.0616,0.0002
54.241711,100.924903,18,vegetation,0.4062,0.2792,0.0343,0.1062,0.1317,0.0424
32.956916,-9.071037,18,urban,0.0322,0.2396,0.0261,0.4644,0.0863,0.1514
9.728242,-81.827146,18,vegetation,0.6074,0.0922,0.0661,0.0091,0.0859,0.1393
51.015011,111.944326,18,bare_land,0.0701,0.6258,0.0445,0.0593,0.0811,0.1192
4.914887,50.912954,18,forest,0.0329,0.1765,0.0707,0.2029,0.0982,0.4188
36.236151,-24.35325,18,agriculture,0.0674,0.158,0.0282,0.1666,0.5174,0.0624
-1.083295,-28.772971,18,forest,0.0292,0.0213,0.0368,0.2205,0.1446,0.5475
9.83303,-172.185527,18,forest,0.0133,0.0516,0.0617,0.0166,0.2258,0.631
-51.125067,-26.24698,18,vegetation,0.5356,0.0967,0.1254,0.001,0.0136,0.2278
-54.470275,8.598899,18,bare_land,0.0106,0.4255,0.1663,0.2465,0.0649,0.0862
-34.979965,97.483448,18,vegetation,0.4311,0.0999,0.146,0.227,0.0166,0.0794
33.604638,44.466405,18,agriculture,0.0412,0.1197,0.0123,0.0904,0.5433,0.1931
13.295816,-137.583731,18,urban,0.016,0.1063,0.1106,0.593,0.1338,0.0402
-51.819442,-141.487632,18,bare_land,0.1201,0.5437,0.2932,0.0042,0.0359,0.003
10.814817,-145.480241,18,bare_land,0.0116,0.5787,0.0679,0.0177,0.2456,0.0785
29.921591,-158.558373,18,agriculture,0.1689,0.0208,0.0002,0.0645,0.561,0.1845
-41.498039,26.624961,18,vegetation,0.6395,0.0749,0.0987,0.0274,0.1164,0.0431
21.112281,138.650165,18,agriculture,0.0823,0.0196,0.0781,0.0644,0.6603,0.0953
-31.041445,46.010988,18,urban,0.0203,0.0717,0.1841,0.6223,0.0322,0.0694
44.904015,-9.036674,18,agriculture,0.0306,0.0019,0.0513,0.1025,0.5893,0.2242
-40.993977,-163.230113,18,vegetation,0.4734,0.0832,0.0632,0.0872,0.0857,0.2073
41.028098,48.127529,18,urban,0.0544,0.1393,0.0682,0.6209,0.0998,0.0174
26.243545,94.426631,18,agriculture,0.1068,0.1196,0.0263,0.0429,0.5562,0.1482
-27.791879,34.024752,18,bare_land,0.1552,0.6493,0.0132,0.0092,0.1617,0.0114
-0.256389,13.814775,18,vegetation,0.3682,0.0114,0.2283,0.2558,0.0554,0.0809
11.616997,131.832029,18,agriculture,0.1522,0.1104,0.1392,0.0493,0.4597,0.0892
-51.082964,4.965319,18,bare_land,0.013,0.3564,0.0369,0.2463,0.2804,0.0671
-47.725855,-155.137931,18,urban,0.0213,0.0728,0.0119,0.6215,0.1919,0.0807
51.10772,-27.960035,18,vegetation,0.5352,0.0463,0.0569,0.063,0.1221,0.1765
-56.404296,29.678332,18,vegetation,0.4232,0.0364,0.0094,0.3691,0.094,0.0679
1.338879,-47.023734,18,forest,0.0204,0.0121,0.0452,0.261,0.0162,0.6452
-54.44142,71.047138,18,bare_land,0.058,0.6955,0.0258,0.1272,0.0646,0.0289
-5.878629,-30.652966,18,vegetation,0.6307,0.0025,0.2581,0.0879,0.0204,0.0004
24.023784,179.165385,18,agriculture,0.1226,0.1542,0.0878,0.1152,0.4246,0.0956
-54.685313,122.925443,18,bare_land,0.0964,0.3842,0.0094,0.0724,0.3644,0.0732
39.25033,172.617345,18,urban,0.056,0.1992,0.0599,0.6485,0.008,0.0284
-58.13394,-179.968934,18,bare_land,0.1557,0.4231,0.0642,0.026,0.1535,0.1774
-11.656802,-118.414499,18,urban,0.0459,0.0889,0.1583,0.4596,0.2203,0.027
-55.028885,-80.371069,18,vegetation,0.3792,0.0192,0.4223,0.0465,0.0272,0.1055
54.82251,-57.973751,18,bare_land,0.1928,0.663,0.0457,0.013,0.0594,0.026
-20.642641,168.122248,18,urban,0.0767,0.1295,0.19,0.4923,0.0254,0.086
35.860508,73.00183,18,vegetation,0.6288,0.1622,0.0177,0.0036,0.1807,0.007
-54.037752,-62.159539,18,vegetation,0.4816,0.0877,0.0766,0.0172,0.2527,0.0843
-22.846166,131.369105,18,bare_land,0.2136,0.4854,0.1276,0.0151,0.0949,0.0634
-46.844495,82.407097,18,vegetation,0.4681,0.0563,0.0808,0.1281,0.0104,0.2562
-0.12013,105.600401,18,forest,0.0252,0.0189,0.3311,0.0622,0.0161,0.5466
-57.472649,-152.770089,18,vegetation,0.5849,0.147,0.0564,0.0276,0.1271,0.0569
-11.820781,85.686081,18,agriculture,0.0164,0.079,0.0066,0.0128,0.6476,0.2375
48.277025,146.209295,18,vegetation,0.6113,0.2426,0.0484,0.0066,0.0616,0.0294
-0.757778,46.496152,18,vegetation,0.595,0.0262,0.0658,0.2397,0.0117,0.0615
20.289799,56.853399,18,bare_land,0.0218,0.4937,0.1058,0.185,0.1906,0.0031
-42.842454,-157.403362,18,urban,0.1335,0.0951,0.1672,0.5472,0.0239,0.0331
-6.56578,-42.425375,18,vegetation,0.5037,0.0053,0.0334,0.0927,0.0816,0.2833
